[Title];;;;;;;;;;;;;;;;;;;;;;;;;
Title;;;;;;;;;;;;;;;;;;;;;;;;;
Requirement_file_derived_from_VS_for_General_Radio_Performance_30/10264-CRH1090446 ;;;;;;;;;;;;;;;;;;;;;;;;;
;;;;;;;;;;;;;;;;;;;;;;;;;
[Open-issues_];;;;;;;;;;;;;;;;;;;;;;;;;
Date;Revision;User;Mantis;Comment;;;;;;;;;;;;;;;;;;;;;
;;;;;;;;;;;;;;;;;;;;;;;;;
;;;;;;;;;;;;;;;;;;;;;;;;;
;;;;;;;;;;;;;;;;;;;;;;;;;
[Abbrevations];;;;;;;;;;;;;;;;;;;;;;;;;
Abbrevation;;;;;;;;;;;;;;;;;;;;;;;;;
VS_=_Verification_Specification;;;;;;;;;;;;;;;;;;;;;;;;;
*_=_Wildcard,_any_parameter_value_will_match_wildcard;;;;;;;;;;;;;;;;;;;;;;;;;
;;;;;;;;;;;;;;;;;;;;;;;;;
[Description];;;;;;;;;;;;;;;;;;;;;;;;;
Comment;;;;;;;;;;;;;;;;;;;;;;;;;
For narrowband blocking and inband blocking instead of specifiying the InterfererLevel(dBm) specifying the p0 it will take it from the selectivity table, however this can not be done on outband. ;;;;;;;;;;;;;;;;;;;;;;;;;
;;;;;;;;;;;;;;;;;;;;;;;;;
;;;;;;;;;;;;;;;;;;;;;;;;;
;;;;;;;;;;;;;;;;;;;;;;;;;
[History];;;;;;;;;;;;;;;;;;;;;;;;;
Date;Revision;User;Comment;;;;;;;;;;;;;;;;;;;;;;
08-25-2015;PA1;EVASICH;Derived from BLK B66A Limits;;;;;;;;;;;;;;;;;;;;;;
20150930;PA2;ELITANS;Chnage to CW for 3400-3800 blk outband;;;;;;;;;;;;;;;;;;;;;;
20151014;PA2;ELITANS;SelectivityReq was revered between UTRA and EUTRA;;;;;;;;;;;;;;;;;;;;;;
[Specification];;;;;;;;;;;;;;;;;;;;;;;;;
Type;;;;;;;;;;;;;;;;;;;;;;;;;
Internal;;;;;;;;;;;;;;;;;;;;;;;;;
;;;;;;;;;;;;;;;;;;;;;;;;;
[RequirementValidFor];;;;;;;;;;;;;;;;;;;;;;;;;
Requirement;RadioUnitType;BaseStationClass;GainSetting(dB);CarrierLocation;LDuplexMode;CarrierStandard;MeasuredPath;TestType;TestScope;Tag;Comment;;;;;;;;;;;;;;
Na;*;*;17;*;*;*;RfToData;Outband;*;LW_PF52_RfToData_BGO;;;;;;;;;;;;;;;
Na;*;*;*;*;*;*;RfToData;GeneralInband;*;LW_PF52_RfToData_BGI;;;;;;;;;;;;;;;
Na;*;*;*;*;*;*;RfToData;NarrowbandInband;*;WL_PF52_RfToData_BGN;;;;;;;;;;;;;;;
;;;;;;;;;;;;;;;;;;;;;;;;;
[LW_PF52_RfToData_BGO];;;;;;;;;;;;;;;;;;;;;;;;;
BaseStationClass;RadioUnitType;CarrierStandard;GainSetting(dB);CarrierBandwidth(MHz);StartFrequency(MHz);StopFrequency(MHz);StepSize(MHz);InterfererLevel(dBm);SelectivityRequirement(dB);InterfererModulation;InterfererBandwidth(MHz);AllowedNoiseRise(dB);SixSigmaTable;Info;VS;RequirementTag;;;;;;;;;
*;*;UTRA;17;5;1;462.5;1;-15;-84.3;CW;0;6;SixSigmaFrequencyFormula;NA;147/10264-CRH 109 0446 Uen A;RHWVI7903;;;;;;;;;
*;*;EUTRA;17;5;1;462.5;1;-15;-83.6;CW;0;6;SixSigmaFrequencyFormula;NA;147/10264-CRH 109 0446 Uen A;RHWVI7903;;;;;;;;;
*;*;UTRA;17;5;462.5;467.5;1;22;-143.9;EUTRA;5;0.1;SixSigmaFrequencyFormula;NA;147/10264-CRH 109 0446 Uen A;RHWVI7903;;;;;;;;;
*;*;EUTRA;17;5;462.5;467.5;1;22;-143.2;EUTRA;5;0.1;SixSigmaFrequencyFormula;NA;147/10264-CRH 109 0446 Uen A;RHWVI7903;;;;;;;;;
*;*;UTRA;17;5;467.5;470;1;-15;-84.3;CW;0;0.1;SixSigmaFrequencyFormula;NA;147/10264-CRH 109 0446 Uen A;RHWVI7903;;;;;;;;;
*;*;EUTRA;17;5;467.5;470;1;-15;-83.6;CW;0;0.1;SixSigmaFrequencyFormula;NA;147/10264-CRH 109 0446 Uen A;RHWVI7903;;;;;;;;;
*;*;UTRA;17;5;470;698;1;18;-139.9;EUTRA;5;0.1;SixSigmaFrequencyFormula;NA;147/10264-CRH 109 0446 Uen A;RHWVI7903;;;;;;;;;
*;*;EUTRA;17;5;470;698;1;18;-139.2;EUTRA;5;0.1;SixSigmaFrequencyFormula;NA;147/10264-CRH 109 0446 Uen A;RHWVI7903;;;;;;;;;
*;*;UTRA;17;5;698;716;1;-15;-84.3;CW;0;6;SixSigmaFrequencyFormula;NA;147/10264-CRH 109 0446 Uen A;RHWVI7903;;;;;;;;;
*;*;EUTRA;17;5;698;716;1;-15;-83.6;CW;0;6;SixSigmaFrequencyFormula;NA;147/10264-CRH 109 0446 Uen A;RHWVI7903;;;;;;;;;
*;*;UTRA;17;5;716;728;1;22;-143.9;EUTRA;5;0.1;SixSigmaFrequencyFormula;NA;147/10264-CRH 109 0446 Uen A;RHWVI7903;;;;;;;;;
*;*;EUTRA;17;5;716;728;1;22;-143.2;EUTRA;5;0.1;SixSigmaFrequencyFormula;NA;147/10264-CRH 109 0446 Uen A;RHWVI7903;;;;;;;;;
*;*;UTRA;17;5;728;729;1;-15;-84.3;CW;0;6;SixSigmaFrequencyFormula;NA;147/10264-CRH 109 0446 Uen A;RHWVI7903;;;;;;;;;
*;*;EUTRA;17;5;728;729;1;-15;-83.6;CW;0;6;SixSigmaFrequencyFormula;NA;147/10264-CRH 109 0446 Uen A;RHWVI7903;;;;;;;;;
*;*;UTRA;17;5;729;763;1;22;-143.9;EUTRA;5;0.1;SixSigmaFrequencyFormula;NA;147/10264-CRH 109 0446 Uen A;RHWVI7903;;;;;;;;;
*;*;EUTRA;17;5;729;763;1;22;-143.2;EUTRA;5;0.1;SixSigmaFrequencyFormula;NA;147/10264-CRH 109 0446 Uen A;RHWVI7903;;;;;;;;;
*;*;UTRA;17;5;763;768;1;22;-143.9;EUTRA;5;0.1;SixSigmaFrequencyFormula;NA;147/10264-CRH 109 0446 Uen A;RHWVI7903;;;;;;;;;
*;*;EUTRA;17;5;763;768;1;22;-143.2;EUTRA;5;0.1;SixSigmaFrequencyFormula;NA;147/10264-CRH 109 0446 Uen A;RHWVI7903;;;;;;;;;
*;*;UTRA;17;5;763;768;1;18;-139.9;CW;0;0.1;SixSigmaFrequencyFormula;NA;147/10264-CRH 109 0446 Uen A;RHWVI7903;;;;;;;;;
*;*;EUTRA;17;5;763;768;1;18;-139.2;CW;0;0.1;SixSigmaFrequencyFormula;NA;147/10264-CRH 109 0446 Uen A;RHWVI7903;;;;;;;;;
*;*;UTRA;17;5;768;769;1;22;-143.9;EUTRA;5;0.1;SixSigmaFrequencyFormula;NA;147/10264-CRH 109 0446 Uen A;RHWVI7903;;;;;;;;;
*;*;EUTRA;17;5;768;769;1;22;-143.2;EUTRA;5;0.1;SixSigmaFrequencyFormula;NA;147/10264-CRH 109 0446 Uen A;RHWVI7903;;;;;;;;;
*;*;UTRA;17;5;769;775;1;22;-143.9;EUTRA;5;0.1;SixSigmaFrequencyFormula;NA;147/10264-CRH 109 0446 Uen A;RHWVI7903;;;;;;;;;
*;*;EUTRA;17;5;769;775;1;22;-143.2;EUTRA;5;0.1;SixSigmaFrequencyFormula;NA;147/10264-CRH 109 0446 Uen A;RHWVI7903;;;;;;;;;
*;*;UTRA;17;5;769;775;1;18;-139.9;CW;0;0.1;SixSigmaFrequencyFormula;NA;147/10264-CRH 109 0446 Uen A;RHWVI7903;;;;;;;;;
*;*;EUTRA;17;5;769;775;1;18;-139.2;CW;0;0.1;SixSigmaFrequencyFormula;NA;147/10264-CRH 109 0446 Uen A;RHWVI7903;;;;;;;;;
*;*;UTRA;17;5;775;803;1;22;-143.9;EUTRA;5;0.1;SixSigmaFrequencyFormula;NA;147/10264-CRH 109 0446 Uen A;RHWVI7903;;;;;;;;;
*;*;EUTRA;17;5;775;803;1;22;-143.2;EUTRA;5;0.1;SixSigmaFrequencyFormula;NA;147/10264-CRH 109 0446 Uen A;RHWVI7903;;;;;;;;;
*;*;UTRA;17;5;803;851;1;-15;-84.3;CW;0;6;SixSigmaFrequencyFormula;NA;147/10264-CRH 109 0446 Uen A;RHWVI7903;;;;;;;;;
*;*;EUTRA;17;5;803;851;1;-15;-83.6;CW;0;6;SixSigmaFrequencyFormula;NA;147/10264-CRH 109 0446 Uen A;RHWVI7903;;;;;;;;;
*;*;UTRA;17;5;851;859;1;18;-139.9;CW;0;0.1;SixSigmaFrequencyFormula;NA;147/10264-CRH 109 0446 Uen A;RHWVI7903;;;;;;;;;
*;*;EUTRA;17;5;851;859;1;18;-139.2;CW;0;0.1;SixSigmaFrequencyFormula;NA;147/10264-CRH 109 0446 Uen A;RHWVI7903;;;;;;;;;
*;*;UTRA;17;5;859;869;1;22;-143.9;EUTRA;5;0.1;SixSigmaFrequencyFormula;NA;147/10264-CRH 109 0446 Uen A;RHWVI7903;;;;;;;;;
*;*;EUTRA;17;5;859;869;1;22;-143.2;EUTRA;5;0.1;SixSigmaFrequencyFormula;NA;147/10264-CRH 109 0446 Uen A;RHWVI7903;;;;;;;;;
*;*;UTRA;17;5;859;869;1;18;-139.9;CW;0;0.1;SixSigmaFrequencyFormula;NA;147/10264-CRH 109 0446 Uen A;RHWVI7903;;;;;;;;;
*;*;EUTRA;17;5;859;869;1;18;-139.2;CW;0;0.1;SixSigmaFrequencyFormula;NA;147/10264-CRH 109 0446 Uen A;RHWVI7903;;;;;;;;;
*;*;UTRA;17;5;869;894;1;22;-143.9;EUTRA;5;0.1;SixSigmaFrequencyFormula;NA;147/10264-CRH 109 0446 Uen A;RHWVI7903;;;;;;;;;
*;*;EUTRA;17;5;869;894;1;22;-143.2;EUTRA;5;0.1;SixSigmaFrequencyFormula;NA;147/10264-CRH 109 0446 Uen A;RHWVI7903;;;;;;;;;
*;*;UTRA;17;5;869;894;1;22;-143.9;CW;0;0.1;SixSigmaFrequencyFormula;NA;147/10264-CRH 109 0446 Uen A;RHWVI7903;;;;;;;;;
*;*;EUTRA;17;5;869;894;1;22;-143.2;CW;0;0.1;SixSigmaFrequencyFormula;NA;147/10264-CRH 109 0446 Uen A;RHWVI7903;;;;;;;;;
*;*;UTRA;17;5;894;935;1;-15;-84.3;CW;0;6;SixSigmaFrequencyFormula;NA;147/10264-CRH 109 0446 Uen A;RHWVI7903;;;;;;;;;
*;*;EUTRA;17;5;894;935;1;-15;-83.6;CW;0;6;SixSigmaFrequencyFormula;NA;147/10264-CRH 109 0446 Uen A;RHWVI7903;;;;;;;;;
*;*;UTRA;17;5;935;940;1;18;-139.9;EUTRA;5;0.1;SixSigmaFrequencyFormula;NA;147/10264-CRH 109 0446 Uen A;RHWVI7903;;;;;;;;;
*;*;EUTRA;17;5;935;940;1;18;-139.2;EUTRA;5;0.1;SixSigmaFrequencyFormula;NA;147/10264-CRH 109 0446 Uen A;RHWVI7903;;;;;;;;;
*;*;UTRA;17;5;940;1390;1;-15;-84.3;CW;0;6;SixSigmaFrequencyFormula;NA;147/10264-CRH 109 0446 Uen A;RHWVI7903;;;;;;;;;
*;*;EUTRA;17;5;940;1390;1;-15;-83.6;CW;0;6;SixSigmaFrequencyFormula;NA;147/10264-CRH 109 0446 Uen A;RHWVI7903;;;;;;;;;
*;*;UTRA;17;5;1390;1395;1;18;-139.9;CW;0;0.1;SixSigmaFrequencyFormula;NA;147/10264-CRH 109 0446 Uen A;RHWVI7903;;;;;;;;;
*;*;EUTRA;17;5;1390;1395;1;18;-139.2;CW;0;0.1;SixSigmaFrequencyFormula;NA;147/10264-CRH 109 0446 Uen A;RHWVI7903;;;;;;;;;
*;*;UTRA;17;5;1395;1432;1;-15;-84.3;CW;0;6;SixSigmaFrequencyFormula;NA;147/10264-CRH 109 0446 Uen A;RHWVI7903;;;;;;;;;
*;*;EUTRA;17;5;1395;1432;1;-15;-83.6;CW;0;6;SixSigmaFrequencyFormula;NA;147/10264-CRH 109 0446 Uen A;RHWVI7903;;;;;;;;;
*;*;UTRA;17;5;1432;1435;1;18;-139.9;CW;0;0.1;SixSigmaFrequencyFormula;NA;147/10264-CRH 109 0446 Uen A;RHWVI7903;;;;;;;;;
*;*;EUTRA;17;5;1432;1435;1;18;-139.2;CW;0;0.1;SixSigmaFrequencyFormula;NA;147/10264-CRH 109 0446 Uen A;RHWVI7903;;;;;;;;;
*;*;UTRA;17;5;1435;1525;1;-15;-84.3;CW;0;6;SixSigmaFrequencyFormula;NA;147/10264-CRH 109 0446 Uen A;RHWVI7903;;;;;;;;;
*;*;EUTRA;17;5;1435;1525;1;-15;-83.6;CW;0;6;SixSigmaFrequencyFormula;NA;147/10264-CRH 109 0446 Uen A;RHWVI7903;;;;;;;;;
*;*;UTRA;17;5;1525;1559;1;22;-143.9;EUTRA;5;0.1;SixSigmaFrequencyFormula;NA;147/10264-CRH 109 0446 Uen A;RHWVI7903;;;;;;;;;
*;*;EUTRA;17;5;1525;1559;1;22;-143.2;EUTRA;5;0.1;SixSigmaFrequencyFormula;NA;147/10264-CRH 109 0446 Uen A;RHWVI7903;;;;;;;;;
*;*;UTRA;17;5;1559;1670;1;-15;-84.3;CW;0;6;SixSigmaFrequencyFormula;NA;147/10264-CRH 109 0446 Uen A;RHWVI7903;;;;;;;;;
*;*;EUTRA;17;5;1559;1670;1;-15;-83.6;CW;0;6;SixSigmaFrequencyFormula;NA;147/10264-CRH 109 0446 Uen A;RHWVI7903;;;;;;;;;
*;*;UTRA;17;5;1670;1675;1;18;-139.9;CW;0;0.1;SixSigmaFrequencyFormula;NA;147/10264-CRH 109 0446 Uen A;RHWVI7903;;;;;;;;;
*;*;EUTRA;17;5;1670;1675;1;18;-139.2;CW;0;0.1;SixSigmaFrequencyFormula;NA;147/10264-CRH 109 0446 Uen A;RHWVI7903;;;;;;;;;
*;*;UTRA;17;5;1675;1690;1;-15;-84.3;CW;0;6;SixSigmaFrequencyFormula;NA;147/10264-CRH 109 0446 Uen A;RHWVI7903;;;;;;;;;
*;*;EUTRA;17;5;1675;1690;1;-15;-83.6;CW;0;6;SixSigmaFrequencyFormula;NA;147/10264-CRH 109 0446 Uen A;RHWVI7903;;;;;;;;;
*;*;UTRA;17;5;1800;1910;1;-15;-84.3;CW;0;6;SixSigmaFrequencyFormula;NA;147/10264-CRH 109 0446 Uen A;RHWVI7903;;;;;;;;;
*;*;EUTRA;17;5;1800;1910;1;-15;-83.6;CW;0;6;SixSigmaFrequencyFormula;NA;147/10264-CRH 109 0446 Uen A;RHWVI7903;;;;;;;;;
*;*;UTRA;17;5;1910;1930;1;-26;-121.9;CW;0;0.1;SixSigmaFrequencyFormula;NA;147/10264-CRH 109 0446 Uen A;RHWVI7903;;;;;;;;;
*;*;EUTRA;17;5;1910;1930;1;-26;-121.2;CW;0;0.1;SixSigmaFrequencyFormula;NA;147/10264-CRH 109 0446 Uen A;RHWVI7903;;;;;;;;;
*;*;UTRA;17;5;1930;1995;1;22;-143.9;EUTRA;5;0.1;SixSigmaFrequencyFormula;NA;147/10264-CRH 109 0446 Uen A;RHWVI7903;;;;;;;;;
*;*;EUTRA;17;5;1930;1995;1;22;-143.2;EUTRA;5;0.1;SixSigmaFrequencyFormula;NA;147/10264-CRH 109 0446 Uen A;RHWVI7903;;;;;;;;;
*;*;UTRA;17;5;1995;2110;1;-15;-84.3;CW;0;6;SixSigmaFrequencyFormula;NA;147/10264-CRH 109 0446 Uen A;RHWVI7903;;;;;;;;;
*;*;EUTRA;17;5;1995;2110;1;-15;-83.6;CW;0;6;SixSigmaFrequencyFormula;NA;147/10264-CRH 109 0446 Uen A;RHWVI7903;;;;;;;;;
*;*;UTRA;17;5;2110;2180;1;23;-144.9;EUTRA;5;0.1;SixSigmaFrequencyFormula;NA;147/10264-CRH 109 0446 Uen A;RHWVI7903;;;;;;;;;
*;*;EUTRA;17;5;2110;2180;1;23;-144.2;EUTRA;5;0.1;SixSigmaFrequencyFormula;NA;147/10264-CRH 109 0446 Uen A;RHWVI7903;;;;;;;;;
*;*;UTRA;17;5;2180;2200;1;22;-143.9;EUTRA;5;0.1;SixSigmaFrequencyFormula;NA;147/10264-CRH 109 0446 Uen A;RHWVI7903;;;;;;;;;
*;*;EUTRA;17;5;2180;2200;1;22;-143.2;EUTRA;5;0.1;SixSigmaFrequencyFormula;NA;147/10264-CRH 109 0446 Uen A;RHWVI7903;;;;;;;;;
*;*;UTRA;17;5;2200;2300;1;-15;-84.3;CW;0;6;SixSigmaFrequencyFormula;NA;147/10264-CRH 109 0446 Uen A;RHWVI7903;;;;;;;;;
*;*;EUTRA;17;5;2200;2300;1;-15;-83.6;CW;0;6;SixSigmaFrequencyFormula;NA;147/10264-CRH 109 0446 Uen A;RHWVI7903;;;;;;;;;
*;*;UTRA;17;5;2300;2400;1;22;-143.9;EUTRA;5;0.1;SixSigmaFrequencyFormula;NA;147/10264-CRH 109 0446 Uen A;RHWVI7903;;;;;;;;;
*;*;EUTRA;17;5;2300;2400;1;22;-143.2;EUTRA;5;0.1;SixSigmaFrequencyFormula;NA;147/10264-CRH 109 0446 Uen A;RHWVI7903;;;;;;;;;
*;*;UTRA;17;5;2400;2483.5;1;-20;-101.9;CW;0;0.1;SixSigmaFrequencyFormula;NA;147/10264-CRH 109 0446 Uen A;RHWVI7903;;;;;;;;;
*;*;EUTRA;17;5;2400;2483.5;1;-20;-101.2;CW;0;0.1;SixSigmaFrequencyFormula;NA;147/10264-CRH 109 0446 Uen A;RHWVI7903;;;;;;;;;
*;*;UTRA;17;5;2483.5;2496;1;-15;-84.3;CW;0;6;SixSigmaFrequencyFormula;NA;147/10264-CRH 109 0446 Uen A;RHWVI7903;;;;;;;;;
*;*;EUTRA;17;5;2483.5;2496;1;-15;-83.6;CW;0;6;SixSigmaFrequencyFormula;NA;147/10264-CRH 109 0446 Uen A;RHWVI7903;;;;;;;;;
*;*;UTRA;17;5;2496;2690;1;22;-143.9;EUTRA;5;0.1;SixSigmaFrequencyFormula;NA;147/10264-CRH 109 0446 Uen A;RHWVI7903;;;;;;;;;
*;*;EUTRA;17;5;2496;2690;1;22;-143.2;EUTRA;5;0.1;SixSigmaFrequencyFormula;NA;147/10264-CRH 109 0446 Uen A;RHWVI7903;;;;;;;;;
*;*;UTRA;17;5;2690;3400;1;-15;-84.3;CW;0;6;SixSigmaFrequencyFormula;NA;147/10264-CRH 109 0446 Uen A;RHWVI7903;;;;;;;;;
*;*;EUTRA;17;5;2690;3400;1;-15;-83.6;CW;0;6;SixSigmaFrequencyFormula;NA;147/10264-CRH 109 0446 Uen A;RHWVI7903;;;;;;;;;
*;*;UTRA;17;5;3400;3800;1;22;-143.9;CW;0;0.1;SixSigmaFrequencyFormula;Should be WB but chnage to CW due to PSG;147/10264-CRH 109 0446 Uen A;RHWVI7903;;;;;;;;;
*;*;EUTRA;17;5;3400;3800;1;22;-143.2;CW;0;0.1;SixSigmaFrequencyFormula;Should be WB but chnage to CW due to PSG;147/10264-CRH 109 0446 Uen A;RHWVI7903;;;;;;;;;
*;*;UTRA;17;5;3800;4900;1;-15;-84.3;CW;0;6;SixSigmaFrequencyFormula;NA;147/10264-CRH 109 0446 Uen A;RHWVI7903;;;;;;;;;
*;*;EUTRA;17;5;3800;4900;1;-15;-83.6;CW;0;6;SixSigmaFrequencyFormula;NA;147/10264-CRH 109 0446 Uen A;RHWVI7903;;;;;;;;;
*;*;UTRA;17;5;4900;5091;1;-20;-101.9;CW;0;0.1;SixSigmaFrequencyFormula;NA;147/10264-CRH 109 0446 Uen A;RHWVI7903;;;;;;;;;
*;*;EUTRA;17;5;4900;5091;1;-20;-101.2;CW;0;0.1;SixSigmaFrequencyFormula;NA;147/10264-CRH 109 0446 Uen A;RHWVI7903;;;;;;;;;
*;*;UTRA;17;5;5091;5150;1;-15;-84.3;CW;0;6;SixSigmaFrequencyFormula;NA;147/10264-CRH 109 0446 Uen A;RHWVI7903;;;;;;;;;
*;*;EUTRA;17;5;5091;5150;1;-15;-83.6;CW;0;6;SixSigmaFrequencyFormula;NA;147/10264-CRH 109 0446 Uen A;RHWVI7903;;;;;;;;;
*;*;UTRA;17;5;5150;5350;1;-20;-101.9;CW;0;0.1;SixSigmaFrequencyFormula;NA;147/10264-CRH 109 0446 Uen A;RHWVI7903;;;;;;;;;
*;*;EUTRA;17;5;5150;5350;1;-20;-101.2;CW;0;0.1;SixSigmaFrequencyFormula;NA;147/10264-CRH 109 0446 Uen A;RHWVI7903;;;;;;;;;
*;*;UTRA;17;5;5350;5470;1;-15;-84.3;CW;0;6;SixSigmaFrequencyFormula;NA;147/10264-CRH 109 0446 Uen A;RHWVI7903;;;;;;;;;
*;*;EUTRA;17;5;5350;5470;1;-15;-83.6;CW;0;6;SixSigmaFrequencyFormula;NA;147/10264-CRH 109 0446 Uen A;RHWVI7903;;;;;;;;;
*;*;UTRA;17;5;5470;5850;1;-20;-101.9;CW;0;0.1;SixSigmaFrequencyFormula;NA;147/10264-CRH 109 0446 Uen A;RHWVI7903;;;;;;;;;
*;*;EUTRA;17;5;5470;5850;1;-20;-101.2;CW;0;0.1;SixSigmaFrequencyFormula;NA;147/10264-CRH 109 0446 Uen A;RHWVI7903;;;;;;;;;
*;*;UTRA;17;5;5850;12750;1;-15;-84.3;CW;0;6;SixSigmaFrequencyFormula;NA;147/10264-CRH 109 0446 Uen A;RHWVI7903;;;;;;;;;
*;*;EUTRA;17;5;5850;12750;1;-15;-83.6;CW;0;6;SixSigmaFrequencyFormula;NA;147/10264-CRH 109 0446 Uen A;RHWVI7903;;;;;;;;;
;;;;;;;;;;;;;;;;;;;;;;;;;
;;;;;;;;;;;;;;;;;;;;;;;;;
;;;;;;;;;;;;;;;;;;;;;;;;;
[SixSigmaFrequencyFormula];;;;;;;;;;;;;;;;;;;;;;;;;
FrequencyCalculation;RfBandwidthLocation_B(Hz);RfBandwidthLocation_M(Hz);RfBandwidthLocation_T(Hz);Info;Comment;;;;;;;;;;;;;;;;;;;;
ABS(RFLO+RXIF1-10*clk_30_72*8);36700000;3300000;28300000;10*245.76 on LO/DC;Interferers with channel dependancy;;;;;;;;;;;;;;;;;;;;
ABS(RFLO+RXIF1-9*clk_30_72*8);282460000;242460000;217460000;9*245.76 on LO/DC;Signals modulated onto LO or through DC;;;;;;;;;;;;;;;;;;;;
ABS(RFLO+RXIF1-8*clk_30_72*8);528220000;488220000;463220000;8*245.76 on LO/DC;30.72 MHz;;;;;;;;;;;;;;;;;;;;
ABS(RFLO+RXIF1-7*clk_30_72*8);773980000;733980000;708980000;7*245.76 on LO/DC;;;;;;;;;;;;;;;;;;;;;
ABS(RFLO+RXIF1-6*clk_30_72*8);1019740000;979740000;954740000;6*245.76 on LO/DC;;;;;;;;;;;;;;;;;;;;;
ABS(RFLO+RXIF1-10*clk_30_72*4);1265500000;1225500000;1200500000;10*122.88 on LO/DC;;;;;;;;;;;;;;;;;;;;;
ABS(RFLO+RXIF1-9*clk_30_72*4);1388380000;1348380000;1323380000;9*122.88 on LO/DC;;;;;;;;;;;;;;;;;;;;;
ABS(RFLO+RXIF1-8*clk_30_72*4);1511260000;1471260000;1446260000;8*122.88 on LO/DC;;;;;;;;;;;;;;;;;;;;;
ABS(RFLO+RXIF1-7*clk_30_72*4);1634140000;1594140000;1569140000;7*122.88 on LO/DC;;;;;;;;;;;;;;;;;;;;;
ABS(RFLO+RXIF1-6*clk_30_72*4);1757020000;1717020000;1692020000;6*122.88 on LO/DC;;;;;;;;;;;;;;;;;;;;;
ABS(RFLO+RXIF1-10*clk_30_72*2);1879900000;1839900000;1814900000;10*61.44 on LO/DC;;;;;;;;;;;;;;;;;;;;;
ABS(RFLO+RXIF1-9*clk_30_72*2);1941340000;1901340000;1876340000;9*61.44 on LO/DC;;;;;;;;;;;;;;;;;;;;;
ABS(RFLO+RXIF1-8*clk_30_72*2);2002780000;1962780000;1937780000;8*61.44 on LO/DC;;;;;;;;;;;;;;;;;;;;;
ABS(RFLO+RXIF1-7*clk_30_72*2);2064220000;2024220000;1999220000;7*61.44 on LO/DC;;;;;;;;;;;;;;;;;;;;;
ABS(RFLO+RXIF1-6*clk_30_72*2);2125660000;2085660000;2060660000;6*61.44 on LO/DC;;;;;;;;;;;;;;;;;;;;;
ABS(RFLO+RXIF1-10*clk_30_72);2187100000;2147100000;2122100000;10*30.72 on LO/DC;;;;;;;;;;;;;;;;;;;;;
ABS(RFLO+RXIF1-9*clk_30_72);2217820000;2177820000;2152820000;9*30.72 on LO/DC;;;;;;;;;;;;;;;;;;;;;
ABS(RFLO+RXIF1-8*clk_30_72);2248540000;2208540000;2183540000;8*30.72 on LO/DC;;;;;;;;;;;;;;;;;;;;;
ABS(RFLO+RXIF1-7*clk_30_72);2279260000;2239260000;2214260000;7*30.72 on LO/DC;;;;;;;;;;;;;;;;;;;;;
ABS(RFLO+RXIF1-6*clk_30_72);2309980000;2269980000;2244980000;6*30.72 on LO/DC;;;;;;;;;;;;;;;;;;;;;
ABS(RFLO+RXIF1-5*clk_30_72);2340700000;2300700000;2275700000;5*30.72 on LO/DC;;;;;;;;;;;;;;;;;;;;;
ABS(RFLO+RXIF1-4*clk_30_72);2371420000;2331420000;2306420000;4*30.72 on LO/DC;;;;;;;;;;;;;;;;;;;;;
ABS(RFLO+RXIF1-3*clk_30_72);2402140000;2362140000;2337140000;3*30.72 on LO/DC;;;;;;;;;;;;;;;;;;;;;
ABS(RFLO+RXIF1-2*clk_30_72);2432860000;2392860000;2367860000;2*30.72 on LO/DC;;;;;;;;;;;;;;;;;;;;;
ABS(RFLO+RXIF1-1*clk_30_72);2463580000;2423580000;2398580000;1*30.72 on LO/DC;;;;;;;;;;;;;;;;;;;;;
ABS(RFLO+RXIF1+1*clk_30_72);2525020000;2485020000;2460020000;1*30.72 on LO/DC;;;;;;;;;;;;;;;;;;;;;
ABS(RFLO+RXIF1+2*clk_30_72);2555740000;2515740000;2490740000;2*30.72 on LO/DC;;;;;;;;;;;;;;;;;;;;;
ABS(RFLO+RXIF1+3*clk_30_72);2586460000;2546460000;2521460000;3*30.72 on LO/DC;;;;;;;;;;;;;;;;;;;;;
ABS(RFLO+RXIF1+4*clk_30_72);2617180000;2577180000;2552180000;4*30.72 on LO/DC;;;;;;;;;;;;;;;;;;;;;
ABS(RFLO+RXIF1+5*clk_30_72);2647900000;2607900000;2582900000;5*30.72 on LO/DC;;;;;;;;;;;;;;;;;;;;;
ABS(RFLO+RXIF1+6*clk_30_72);2678620000;2638620000;2613620000;6*30.72 on LO/DC;;;;;;;;;;;;;;;;;;;;;
ABS(RFLO+RXIF1+7*clk_30_72);2709340000;2669340000;2644340000;7*30.72 on LO/DC;;;;;;;;;;;;;;;;;;;;;
ABS(RFLO+RXIF1+8*clk_30_72);2740060000;2700060000;2675060000;8*30.72 on LO/DC;;;;;;;;;;;;;;;;;;;;;
ABS(RFLO+RXIF1+9*clk_30_72);2770780000;2730780000;2705780000;9*30.72 on LO/DC;;;;;;;;;;;;;;;;;;;;;
ABS(RFLO+RXIF1+10*clk_30_72);2801500000;2761500000;2736500000;10*30.72 on LO/DC;;;;;;;;;;;;;;;;;;;;;
ABS(RFLO+RXIF1+6*clk_30_72*2);2862940000;2822940000;2797940000;6*61.44 on LO/DC;;;;;;;;;;;;;;;;;;;;;
ABS(RFLO+RXIF1+7*clk_30_72*2);2924380000;2884380000;2859380000;7*61.44 on LO/DC;;;;;;;;;;;;;;;;;;;;;
ABS(RFLO+RXIF1+8*clk_30_72*2);2985820000;2945820000;2920820000;8*61.44 on LO/DC;;;;;;;;;;;;;;;;;;;;;
ABS(RFLO+RXIF1+9*clk_30_72*2);3047260000;3007260000;2982260000;9*61.44 on LO/DC;;;;;;;;;;;;;;;;;;;;;
ABS(RFLO+RXIF1+10*clk_30_72*2);3108700000;3068700000;3043700000;10*61.44 on LO/DC;;;;;;;;;;;;;;;;;;;;;
ABS(RFLO+RXIF1+6*clk_30_72*4);3231580000;3191580000;3166580000;6*122.88 on LO/DC;;;;;;;;;;;;;;;;;;;;;
ABS(RFLO+RXIF1+7*clk_30_72*4);3354460000;3314460000;3289460000;7*122.88 on LO/DC;;;;;;;;;;;;;;;;;;;;;
ABS(RFLO+RXIF1+8*clk_30_72*4);3477340000;3437340000;3412340000;8*122.88 on LO/DC;;;;;;;;;;;;;;;;;;;;;
ABS(RFLO+RXIF1+9*clk_30_72*4);3600220000;3560220000;3535220000;9*122.88 on LO/DC;;;;;;;;;;;;;;;;;;;;;
ABS(RFLO+RXIF1+10*clk_30_72*4);3723100000;3683100000;3658100000;10*122.88 on LO/DC;;;;;;;;;;;;;;;;;;;;;
ABS(RFLO+RXIF1+6*clk_30_72*8);3968860000;3928860000;3903860000;6*245.76 on LO/DC;;;;;;;;;;;;;;;;;;;;;
ABS(RFLO+RXIF1+7*clk_30_72*8);4214620000;4174620000;4149620000;7*245.76 on LO/DC;;;;;;;;;;;;;;;;;;;;;
ABS(RFLO+RXIF1+8*clk_30_72*8);4460380000;4420380000;4395380000;8*245.76 on LO/DC;;;;;;;;;;;;;;;;;;;;;
ABS(RFLO+RXIF1+9*clk_30_72*8);4706140000;4666140000;4641140000;9*245.76 on LO/DC;;;;;;;;;;;;;;;;;;;;;
ABS(RFLO+RXIF1+10*clk_30_72*8);4951900000;4911900000;4886900000;10*245.76 on LO/DC;;;;;;;;;;;;;;;;;;;;;
ABS(RFLO-RXIF1-10*clk_30_72*8);745100000;705100000;680100000;10*245.76 on LO/DC;;;;;;;;;;;;;;;;;;;;;
ABS(RFLO-RXIF1-9*clk_30_72*8);499340000;459340000;434340000;9*245.76 on LO/DC;;;;;;;;;;;;;;;;;;;;;
ABS(RFLO-RXIF1-8*clk_30_72*8);253580000;213580000;188580000;8*245.76 on LO/DC;;;;;;;;;;;;;;;;;;;;;
ABS(RFLO-RXIF1-7*clk_30_72*8);7820000;32180000;57180000;7*245.76 on LO/DC;;;;;;;;;;;;;;;;;;;;;
ABS(RFLO-RXIF1-6*clk_30_72*8);237940000;277940000;302940000;6*245.76 on LO/DC;;;;;;;;;;;;;;;;;;;;;
ABS(RFLO-RXIF1-10*clk_30_72*4);483700000;523700000;548700000;10*122.88 on LO/DC;;;;;;;;;;;;;;;;;;;;;
ABS(RFLO-RXIF1-9*clk_30_72*4);606580000;646580000;671580000;9*122.88 on LO/DC;;;;;;;;;;;;;;;;;;;;;
ABS(RFLO-RXIF1-8*clk_30_72*4);729460000;769460000;794460000;8*122.88 on LO/DC;;;;;;;;;;;;;;;;;;;;;
ABS(RFLO-RXIF1-7*clk_30_72*4);852340000;892340000;917340000;7*122.88 on LO/DC;;;;;;;;;;;;;;;;;;;;;
ABS(RFLO-RXIF1-6*clk_30_72*4);975220000;1015220000;1040220000;6*122.88 on LO/DC;;;;;;;;;;;;;;;;;;;;;
ABS(RFLO-RXIF1-10*clk_30_72*2);1098100000;1138100000;1163100000;10*61.44 on LO/DC;;;;;;;;;;;;;;;;;;;;;
ABS(RFLO-RXIF1-9*clk_30_72*2);1159540000;1199540000;1224540000;9*61.44 on LO/DC;;;;;;;;;;;;;;;;;;;;;
ABS(RFLO-RXIF1-8*clk_30_72*2);1220980000;1260980000;1285980000;8*61.44 on LO/DC;;;;;;;;;;;;;;;;;;;;;
ABS(RFLO-RXIF1-7*clk_30_72*2);1282420000;1322420000;1347420000;7*61.44 on LO/DC;;;;;;;;;;;;;;;;;;;;;
ABS(RFLO-RXIF1-6*clk_30_72*2);1343860000;1383860000;1408860000;6*61.44 on LO/DC;;;;;;;;;;;;;;;;;;;;;
ABS(RFLO-RXIF1-10*clk_30_72);1405300000;1445300000;1470300000;10*30.72 on LO/DC;;;;;;;;;;;;;;;;;;;;;
ABS(RFLO-RXIF1-9*clk_30_72);1436020000;1476020000;1501020000;9*30.72 on LO/DC;;;;;;;;;;;;;;;;;;;;;
ABS(RFLO-RXIF1-8*clk_30_72);1466740000;1506740000;1531740000;8*30.72 on LO/DC;;;;;;;;;;;;;;;;;;;;;
ABS(RFLO-RXIF1-7*clk_30_72);1497460000;1537460000;1562460000;7*30.72 on LO/DC;;;;;;;;;;;;;;;;;;;;;
ABS(RFLO-RXIF1-6*clk_30_72);1528180000;1568180000;1593180000;6*30.72 on LO/DC;;;;;;;;;;;;;;;;;;;;;
ABS(RFLO-RXIF1-5*clk_30_72);1558900000;1598900000;1623900000;5*30.72 on LO/DC;;;;;;;;;;;;;;;;;;;;;
ABS(RFLO-RXIF1-4*clk_30_72);1589620000;1629620000;1654620000;4*30.72 on LO/DC;;;;;;;;;;;;;;;;;;;;;
ABS(RFLO-RXIF1-3*clk_30_72);1620340000;1660340000;1685340000;3*30.72 on LO/DC;;;;;;;;;;;;;;;;;;;;;
ABS(RFLO-RXIF1-2*clk_30_72);1651060000;1691060000;1716060000;2*30.72 on LO/DC;;;;;;;;;;;;;;;;;;;;;
ABS(RFLO-RXIF1-1*clk_30_72);1681780000;1721780000;1746780000;1*30.72 on LO/DC;;;;;;;;;;;;;;;;;;;;;
ABS(RFLO-RXIF1+1*clk_30_72);1743220000;1783220000;1808220000;1*30.72 on LO/DC;;;;;;;;;;;;;;;;;;;;;
ABS(RFLO-RXIF1+2*clk_30_72);1773940000;1813940000;1838940000;2*30.72 on LO/DC;;;;;;;;;;;;;;;;;;;;;
ABS(RFLO-RXIF1+3*clk_30_72);1804660000;1844660000;1869660000;3*30.72 on LO/DC;;;;;;;;;;;;;;;;;;;;;
ABS(RFLO-RXIF1+4*clk_30_72);1835380000;1875380000;1900380000;4*30.72 on LO/DC;;;;;;;;;;;;;;;;;;;;;
ABS(RFLO-RXIF1+5*clk_30_72);1866100000;1906100000;1931100000;5*30.72 on LO/DC;;;;;;;;;;;;;;;;;;;;;
ABS(RFLO-RXIF1+6*clk_30_72);1896820000;1936820000;1961820000;6*30.72 on LO/DC;;;;;;;;;;;;;;;;;;;;;
ABS(RFLO-RXIF1+7*clk_30_72);1927540000;1967540000;1992540000;7*30.72 on LO/DC;;;;;;;;;;;;;;;;;;;;;
ABS(RFLO-RXIF1+8*clk_30_72);1958260000;1998260000;2023260000;8*30.72 on LO/DC;;;;;;;;;;;;;;;;;;;;;
ABS(RFLO-RXIF1+9*clk_30_72);1988980000;2028980000;2053980000;9*30.72 on LO/DC;;;;;;;;;;;;;;;;;;;;;
ABS(RFLO-RXIF1+10*clk_30_72);2019700000;2059700000;2084700000;10*30.72 on LO/DC;;;;;;;;;;;;;;;;;;;;;
ABS(RFLO-RXIF1+6*clk_30_72*2);2081140000;2121140000;2146140000;6*61.44 on LO/DC;;;;;;;;;;;;;;;;;;;;;
ABS(RFLO-RXIF1+7*clk_30_72*2);2142580000;2182580000;2207580000;7*61.44 on LO/DC;;;;;;;;;;;;;;;;;;;;;
ABS(RFLO-RXIF1+8*clk_30_72*2);2204020000;2244020000;2269020000;8*61.44 on LO/DC;;;;;;;;;;;;;;;;;;;;;
ABS(RFLO-RXIF1+9*clk_30_72*2);2265460000;2305460000;2330460000;9*61.44 on LO/DC;;;;;;;;;;;;;;;;;;;;;
ABS(RFLO-RXIF1+10*clk_30_72*2);2326900000;2366900000;2391900000;10*61.44 on LO/DC;;;;;;;;;;;;;;;;;;;;;
ABS(RFLO-RXIF1+6*clk_30_72*4);2449780000;2489780000;2514780000;6*122.88 on LO/DC;;;;;;;;;;;;;;;;;;;;;
ABS(RFLO-RXIF1+7*clk_30_72*4);2572660000;2612660000;2637660000;7*122.88 on LO/DC;;;;;;;;;;;;;;;;;;;;;
ABS(RFLO-RXIF1+8*clk_30_72*4);2695540000;2735540000;2760540000;8*122.88 on LO/DC;;;;;;;;;;;;;;;;;;;;;
ABS(RFLO-RXIF1+9*clk_30_72*4);2818420000;2858420000;2883420000;9*122.88 on LO/DC;;;;;;;;;;;;;;;;;;;;;
ABS(RFLO-RXIF1+10*clk_30_72*4);2941300000;2981300000;3006300000;10*122.88 on LO/DC;;;;;;;;;;;;;;;;;;;;;
ABS(RFLO-RXIF1+6*clk_30_72*8);3187060000;3227060000;3252060000;6*245.76 on LO/DC;;;;;;;;;;;;;;;;;;;;;
ABS(RFLO-RXIF1+7*clk_30_72*8);3432820000;3472820000;3497820000;7*245.76 on LO/DC;;;;;;;;;;;;;;;;;;;;;
ABS(RFLO-RXIF1+8*clk_30_72*8);3678580000;3718580000;3743580000;8*245.76 on LO/DC;;;;;;;;;;;;;;;;;;;;;
ABS(RFLO-RXIF1+9*clk_30_72*8);3924340000;3964340000;3989340000;9*245.76 on LO/DC;;;;;;;;;;;;;;;;;;;;;
ABS(RFLO-RXIF1+10*clk_30_72*8);4170100000;4210100000;4235100000;10*245.76 on LO/DC;;;;;;;;;;;;;;;;;;;;;
ABS(RFLO+RXIF1-clk_24);2470300000;2430300000;2405300000;1*24 on LO/DC;24 MHz;;;;;;;;;;;;;;;;;;;;
ABS(RFLO+RXIF1+clk_24);2518300000;2478300000;2453300000;1*24 on LO/DC;;;;;;;;;;;;;;;;;;;;;
ABS(RFLO-RXIF1-clk_24);1688500000;1728500000;1753500000;1*24 on LO/DC;;;;;;;;;;;;;;;;;;;;;
ABS(RFLO-RXIF1+clk_24);1736500000;1776500000;1801500000;1*24 on LO/DC;;;;;;;;;;;;;;;;;;;;;
ABS(RFLO-RXIF1-3*clk_24);1640500000;1680500000;1705500000;3*24 on LO/DC;;;;;;;;;;;;;;;;;;;;;
ABS(RFLO-RXIF1+3*clk_24);1784500000;1824500000;1849500000;3*24 on LO/DC;;;;;;;;;;;;;;;;;;;;;
ABS(RFLO+RXIF1-3*clk_24);2422300000;2382300000;2357300000;3*24 on LO/DC;;;;;;;;;;;;;;;;;;;;;
ABS(RFLO+RXIF1+3*clk_24);2566300000;2526300000;2501300000;3*24 on LO/DC;;;;;;;;;;;;;;;;;;;;;
ABS(RFLO+RXIF1-CLK_Intern_AUM_24_3);2470000000;2430000000;2405000000;1*24.3 on LO/DC;24.3 MHz;;;;;;;;;;;;;;;;;;;;
ABS(RFLO+RXIF1+CLK_Intern_AUM_24_3);2518600000;2478600000;2453600000;1*24.3 on LO/DC;;;;;;;;;;;;;;;;;;;;;
ABS(RFLO-RXIF1-CLK_Intern_AUM_24_3);1688200000;1728200000;1753200000;1*24.3 on LO/DC;;;;;;;;;;;;;;;;;;;;;
ABS(RFLO-RXIF1+CLK_Intern_AUM_24_3);1736800000;1776800000;1801800000;1*24.3 on LO/DC;;;;;;;;;;;;;;;;;;;;;
ABS(RFLO-RXIF1-3*CLK_Intern_AUM_24_3);1639600000;1679600000;1704600000;3*24.3 on LO/DC;;;;;;;;;;;;;;;;;;;;;
ABS(RFLO-RXIF1+3*CLK_Intern_AUM_24_3);1785400000;1825400000;1850400000;3*24.3 on LO/DC;;;;;;;;;;;;;;;;;;;;;
ABS(RFLO+RXIF1-3*CLK_Intern_AUM_24_3);2421400000;2381400000;2356400000;3*24.3 on LO/DC;;;;;;;;;;;;;;;;;;;;;
ABS(RFLO+RXIF1+3*CLK_Intern_AUM_24_3);2567200000;2527200000;2502200000;3*24.3 on LO/DC;;;;;;;;;;;;;;;;;;;;;
ABS(RFLO+RXIF1-clk_19_44);2474860000;2434860000;2409860000;1*19.44 on LO/DC;19.44 MHz;;;;;;;;;;;;;;;;;;;;
ABS(RFLO+RXIF1+clk_19_44);2513740000;2473740000;2448740000;1*19.44 on LO/DC;;;;;;;;;;;;;;;;;;;;;
ABS(RFLO-RXIF1-clk_19_44);1693060000;1733060000;1758060000;1*19.44 on LO/DC;;;;;;;;;;;;;;;;;;;;;
ABS(RFLO-RXIF1+clk_19_44);1731940000;1771940000;1796940000;1*19.44 on LO/DC;;;;;;;;;;;;;;;;;;;;;
ABS(RFLO-RXIF1-10*clk_48_6);1226500000;1266500000;1291500000;10*48.6MHz on LO/DC;19.44*10/4 MHz=48.6 MHz;;;;;;;;;;;;;;;;;;;;
ABS(RFLO-RXIF1-9*clk_48_6);1275100000;1315100000;1340100000;9*48.6MHz on LO/DC;;;;;;;;;;;;;;;;;;;;;
ABS(RFLO-RXIF1-8*clk_48_6);1323700000;1363700000;1388700000;8*48.6MHz on LO/DC;;;;;;;;;;;;;;;;;;;;;
ABS(RFLO-RXIF1-7*clk_48_6);1372300000;1412300000;1437300000;7*48.6MHz on LO/DC;;;;;;;;;;;;;;;;;;;;;
ABS(RFLO-RXIF1-6*clk_48_6);1420900000;1460900000;1485900000;6*48.6MHz on LO/DC;;;;;;;;;;;;;;;;;;;;;
ABS(RFLO-RXIF1-5*clk_48_6);1469500000;1509500000;1534500000;5*48.6MHz on LO/DC;;;;;;;;;;;;;;;;;;;;;
ABS(RFLO-RXIF1-4*clk_48_6);1518100000;1558100000;1583100000;4*48.6MHz on LO/DC;;;;;;;;;;;;;;;;;;;;;
ABS(RFLO-RXIF1-3*clk_48_6);1566700000;1606700000;1631700000;3*48.6MHz on LO/DC;;;;;;;;;;;;;;;;;;;;;
ABS(RFLO-RXIF1-2*clk_48_6);1615300000;1655300000;1680300000;2*48.6MHz on LO/DC;;;;;;;;;;;;;;;;;;;;;
ABS(RFLO-RXIF1-1*clk_48_6);1663900000;1703900000;1728900000;1*48.6MHz on LO/DC;;;;;;;;;;;;;;;;;;;;;
ABS(RFLO-RXIF1+1*clk_48_6);1761100000;1801100000;1826100000;1*48.6MHz on LO/DC;;;;;;;;;;;;;;;;;;;;;
ABS(RFLO-RXIF1+2*clk_48_6);1809700000;1849700000;1874700000;2*48.6MHz on LO/DC;;;;;;;;;;;;;;;;;;;;;
ABS(RFLO-RXIF1+3*clk_48_6);1858300000;1898300000;1923300000;3*48.6MHz on LO/DC;;;;;;;;;;;;;;;;;;;;;
ABS(RFLO-RXIF1+4*clk_48_6);1906900000;1946900000;1971900000;4*48.6MHz on LO/DC;;;;;;;;;;;;;;;;;;;;;
ABS(RFLO-RXIF1+5*clk_48_6);1955500000;1995500000;2020500000;5*48.6MHz on LO/DC;;;;;;;;;;;;;;;;;;;;;
ABS(RFLO-RXIF1+6*clk_48_6);2004100000;2044100000;2069100000;6*48.6MHz on LO/DC;;;;;;;;;;;;;;;;;;;;;
ABS(RFLO-RXIF1+7*clk_48_6);2052700000;2092700000;2117700000;7*48.6MHz on LO/DC;;;;;;;;;;;;;;;;;;;;;
ABS(RFLO-RXIF1+8*clk_48_6);2101300000;2141300000;2166300000;8*48.6MHz on LO/DC;;;;;;;;;;;;;;;;;;;;;
ABS(RFLO-RXIF1+9*clk_48_6);2149900000;2189900000;2214900000;9*48.6MHz on LO/DC;;;;;;;;;;;;;;;;;;;;;
ABS(RFLO-RXIF1+10*clk_48_6);2198500000;2238500000;2263500000;10*48.6MHz on LO/DC;;;;;;;;;;;;;;;;;;;;;
ABS(RFLO+RXIF1-10*clk_48_6);2008300000;1968300000;1943300000;10*48.6MHz on LO/DC;;;;;;;;;;;;;;;;;;;;;
ABS(RFLO+RXIF1-9*clk_48_6);2056900000;2016900000;1991900000;9*48.6MHz on LO/DC;;;;;;;;;;;;;;;;;;;;;
ABS(RFLO+RXIF1-8*clk_48_6);2105500000;2065500000;2040500000;8*48.6MHz on LO/DC;;;;;;;;;;;;;;;;;;;;;
ABS(RFLO+RXIF1-7*clk_48_6);2154100000;2114100000;2089100000;7*48.6MHz on LO/DC;;;;;;;;;;;;;;;;;;;;;
ABS(RFLO+RXIF1-6*clk_48_6);2202700000;2162700000;2137700000;6*48.6MHz on LO/DC;;;;;;;;;;;;;;;;;;;;;
ABS(RFLO+RXIF1-5*clk_48_6);2251300000;2211300000;2186300000;5*48.6MHz on LO/DC;;;;;;;;;;;;;;;;;;;;;
ABS(RFLO+RXIF1-4*clk_48_6);2299900000;2259900000;2234900000;4*48.6MHz on LO/DC;;;;;;;;;;;;;;;;;;;;;
ABS(RFLO+RXIF1-3*clk_48_6);2348500000;2308500000;2283500000;3*48.6MHz on LO/DC;;;;;;;;;;;;;;;;;;;;;
ABS(RFLO+RXIF1-2*clk_48_6);2397100000;2357100000;2332100000;2*48.6MHz on LO/DC;;;;;;;;;;;;;;;;;;;;;
ABS(RFLO+RXIF1-1*clk_48_6);2445700000;2405700000;2380700000;1*48.6MHz on LO/DC;;;;;;;;;;;;;;;;;;;;;
ABS(RFLO+RXIF1+1*clk_48_6);2542900000;2502900000;2477900000;1*48.6MHz on LO/DC;;;;;;;;;;;;;;;;;;;;;
ABS(RFLO+RXIF1+2*clk_48_6);2591500000;2551500000;2526500000;2*48.6MHz on LO/DC;;;;;;;;;;;;;;;;;;;;;
ABS(RFLO+RXIF1+3*clk_48_6);2640100000;2600100000;2575100000;3*48.6MHz on LO/DC;;;;;;;;;;;;;;;;;;;;;
ABS(RFLO+RXIF1+4*clk_48_6);2688700000;2648700000;2623700000;4*48.6MHz on LO/DC;;;;;;;;;;;;;;;;;;;;;
ABS(RFLO+RXIF1+5*clk_48_6);2737300000;2697300000;2672300000;5*48.6MHz on LO/DC;;;;;;;;;;;;;;;;;;;;;
ABS(RFLO+RXIF1+6*clk_48_6);2785900000;2745900000;2720900000;6*48.6MHz on LO/DC;;;;;;;;;;;;;;;;;;;;;
ABS(RFLO+RXIF1+7*clk_48_6);2834500000;2794500000;2769500000;7*48.6MHz on LO/DC;;;;;;;;;;;;;;;;;;;;;
ABS(RFLO+RXIF1+8*clk_48_6);2883100000;2843100000;2818100000;8*48.6MHz on LO/DC;;;;;;;;;;;;;;;;;;;;;
ABS(RFLO+RXIF1+9*clk_48_6);2931700000;2891700000;2866700000;9*48.6MHz on LO/DC;;;;;;;;;;;;;;;;;;;;;
ABS(RFLO+RXIF1+10*clk_48_6);2980300000;2940300000;2915300000;10*48.6MHz on LO/DC;;;;;;;;;;;;;;;;;;;;;
ABS(RFLO-RXIF1-10*clk_10);1612500000;1652500000;1677500000;10*10MHz on LO/DC;10 MHz;;;;;;;;;;;;;;;;;;;;
ABS(RFLO-RXIF1-9*clk_10);1622500000;1662500000;1687500000;9*10MHz on LO/DC;;;;;;;;;;;;;;;;;;;;;
ABS(RFLO-RXIF1-8*clk_10);1632500000;1672500000;1697500000;8*10MHz on LO/DC;;;;;;;;;;;;;;;;;;;;;
ABS(RFLO-RXIF1-7*clk_10);1642500000;1682500000;1707500000;7*10MHz on LO/DC;;;;;;;;;;;;;;;;;;;;;
ABS(RFLO-RXIF1-6*clk_10);1652500000;1692500000;1717500000;6*10MHz on LO/DC;;;;;;;;;;;;;;;;;;;;;
ABS(RFLO-RXIF1-5*clk_10);1662500000;1702500000;1727500000;5*10MHz on LO/DC;;;;;;;;;;;;;;;;;;;;;
ABS(RFLO-RXIF1-4*clk_10);1672500000;1712500000;1737500000;4*10MHz on LO/DC;;;;;;;;;;;;;;;;;;;;;
ABS(RFLO-RXIF1-3*clk_10);1682500000;1722500000;1747500000;3*10MHz on LO/DC;;;;;;;;;;;;;;;;;;;;;
ABS(RFLO-RXIF1-2*clk_10);1692500000;1732500000;1757500000;2*10MHz on LO/DC;;;;;;;;;;;;;;;;;;;;;
ABS(RFLO-RXIF1-1*clk_10);1702500000;1742500000;1767500000;1*10MHz on LO/DC;;;;;;;;;;;;;;;;;;;;;
ABS(RFLO-RXIF1+1*clk_10);1722500000;1762500000;1787500000;1*10MHz on LO/DC;;;;;;;;;;;;;;;;;;;;;
ABS(RFLO-RXIF1+2*clk_10);1732500000;1772500000;1797500000;2*10MHz on LO/DC;;;;;;;;;;;;;;;;;;;;;
ABS(RFLO-RXIF1+3*clk_10);1742500000;1782500000;1807500000;3*10MHz on LO/DC;;;;;;;;;;;;;;;;;;;;;
ABS(RFLO-RXIF1+4*clk_10);1752500000;1792500000;1817500000;4*10MHz on LO/DC;;;;;;;;;;;;;;;;;;;;;
ABS(RFLO-RXIF1+5*clk_10);1762500000;1802500000;1827500000;5*10MHz on LO/DC;;;;;;;;;;;;;;;;;;;;;
ABS(RFLO-RXIF1+6*clk_10);1772500000;1812500000;1837500000;6*10MHz on LO/DC;;;;;;;;;;;;;;;;;;;;;
ABS(RFLO-RXIF1+7*clk_10);1782500000;1822500000;1847500000;7*10MHz on LO/DC;;;;;;;;;;;;;;;;;;;;;
ABS(RFLO-RXIF1+8*clk_10);1792500000;1832500000;1857500000;8*10MHz on LO/DC;;;;;;;;;;;;;;;;;;;;;
ABS(RFLO-RXIF1+9*clk_10);1802500000;1842500000;1867500000;9*10MHz on LO/DC;;;;;;;;;;;;;;;;;;;;;
ABS(RFLO-RXIF1+10*clk_10);1812500000;1852500000;1877500000;10*10MHz on LO/DC;;;;;;;;;;;;;;;;;;;;;
ABS(RFLO+RXIF1-10*clk_10);2394300000;2354300000;2329300000;10*10MHz on LO/DC;;;;;;;;;;;;;;;;;;;;;
ABS(RFLO+RXIF1-9*clk_10);2404300000;2364300000;2339300000;9*10MHz on LO/DC;;;;;;;;;;;;;;;;;;;;;
ABS(RFLO+RXIF1-8*clk_10);2414300000;2374300000;2349300000;8*10MHz on LO/DC;;;;;;;;;;;;;;;;;;;;;
ABS(RFLO+RXIF1-7*clk_10);2424300000;2384300000;2359300000;7*10MHz on LO/DC;;;;;;;;;;;;;;;;;;;;;
ABS(RFLO+RXIF1-6*clk_10);2434300000;2394300000;2369300000;6*10MHz on LO/DC;;;;;;;;;;;;;;;;;;;;;
ABS(RFLO+RXIF1-5*clk_10);2444300000;2404300000;2379300000;5*10MHz on LO/DC;;;;;;;;;;;;;;;;;;;;;
ABS(RFLO+RXIF1-4*clk_10);2454300000;2414300000;2389300000;4*10MHz on LO/DC;;;;;;;;;;;;;;;;;;;;;
ABS(RFLO+RXIF1-3*clk_10);2464300000;2424300000;2399300000;3*10MHz on LO/DC;;;;;;;;;;;;;;;;;;;;;
ABS(RFLO+RXIF1-2*clk_10);2474300000;2434300000;2409300000;2*10MHz on LO/DC;;;;;;;;;;;;;;;;;;;;;
ABS(RFLO+RXIF1-1*clk_10);2484300000;2444300000;2419300000;1*10MHz on LO/DC;;;;;;;;;;;;;;;;;;;;;
ABS(RFLO+RXIF1+1*clk_10);2504300000;2464300000;2439300000;1*10MHz on LO/DC;;;;;;;;;;;;;;;;;;;;;
ABS(RFLO+RXIF1+2*clk_10);2514300000;2474300000;2449300000;2*10MHz on LO/DC;;;;;;;;;;;;;;;;;;;;;
ABS(RFLO+RXIF1+3*clk_10);2524300000;2484300000;2459300000;3*10MHz on LO/DC;;;;;;;;;;;;;;;;;;;;;
ABS(RFLO+RXIF1+4*clk_10);2534300000;2494300000;2469300000;4*10MHz on LO/DC;;;;;;;;;;;;;;;;;;;;;
ABS(RFLO+RXIF1+5*clk_10);2544300000;2504300000;2479300000;5*10MHz on LO/DC;;;;;;;;;;;;;;;;;;;;;
ABS(RFLO+RXIF1+6*clk_10);2554300000;2514300000;2489300000;6*10MHz on LO/DC;;;;;;;;;;;;;;;;;;;;;
ABS(RFLO+RXIF1+7*clk_10);2564300000;2524300000;2499300000;7*10MHz on LO/DC;;;;;;;;;;;;;;;;;;;;;
ABS(RFLO+RXIF1+8*clk_10);2574300000;2534300000;2509300000;8*10MHz on LO/DC;;;;;;;;;;;;;;;;;;;;;
ABS(RFLO+RXIF1+9*clk_10);2584300000;2544300000;2519300000;9*10MHz on LO/DC;;;;;;;;;;;;;;;;;;;;;
ABS(RFLO+RXIF1+10*clk_10);2594300000;2554300000;2529300000;10*10MHz on LO/DC;;;;;;;;;;;;;;;;;;;;;
ABS(Rx_Freq+duplex-RXIF1);1721600000;1801600000;1851600000;TX_on_RFLO;Signals appear on LO;;;;;;;;;;;;;;;;;;;;
ABS(Rx_Freq+duplex+RXIF1);2503400000;2503400000;2503400000;TX_on_RFLO;;;;;;;;;;;;;;;;;;;;;
ABS(TXLO-RXIF1);1721580000;1801580000;1851620000;TXLO_on_RFLO;;;;;;;;;;;;;;;;;;;;;
ABS(TXLO+RXIF1);2503380000;2503380000;2503420000;TXLO_on_RFLO;;;;;;;;;;;;;;;;;;;;;
ABS(TORLO-RXIF1);1902060000;1982060000;2032100000;TORLO_on_RFLO;;;;;;;;;;;;;;;;;;;;;
ABS(TORLO+RXIF1);2683860000;2683860000;2683900000;TORLO_on_RFLO;;;;;;;;;;;;;;;;;;;;;
ABS(TORIF-RXIF1);210420000;170420000;145420000;TORIF_on_RFLO;;;;;;;;;;;;;;;;;;;;;
ABS(TORIF+RXIF1);571380000;531380000;506380000;TORIF_on_RFLO;;;;;;;;;;;;;;;;;;;;;
ABS(RX_Freq-RXIF1);1321600000;1401600000;1451600000;RXIF1LO_on_RFLO;;;;;;;;;;;;;;;;;;;;;
ABS(RX_Freq+RXIF1);2103400000;2103400000;2103400000;RXIF1LO_on_RFLO;;;;;;;;;;;;;;;;;;;;;
RX_Freq/4;428125000;438125000;444375000;ch/4;non-linearityï¾´s;;;;;;;;;;;;;;;;;;;;
RX_Freq/3;570833333;584166667;592500000;ch/3;;;;;;;;;;;;;;;;;;;;;
RX_Freq/2;856250000;876250000;888750000;ch/2;;;;;;;;;;;;;;;;;;;;;
ABS((RX_Freq+(RXLOinjection=="HighSide" ? 2*RXIF1 : -2*RXIF1))/4);623575000;613575000;607325000;ch/4;;;;;;;;;;;;;;;;;;;;;
ABS((RX_Freq+(RXLOinjection=="HighSide" ? 2*RXIF1 : -2*RXIF1))/3);831433333;818100000;809766667;ch/3;;;;;;;;;;;;;;;;;;;;;
ABS((RX_Freq+(RXLOinjection=="HighSide" ? 2*RXIF1 : -2*RXIF1))/2);1247150000;1227150000;1214650000;ch/2;;;;;;;;;;;;;;;;;;;;;
ABS(2*RFLO-TXLO+ RXIF1);2485220000;2405220000;2355180000;IM_in_LO_dueto_TXLO;IM in LO-chain;;;;;;;;;;;;;;;;;;;;
ABS(2*RFLO-TXLO-RXIF1);1703420000;1703420000;1703380000;IM_in_LO_dueto_TXLO;;;;;;;;;;;;;;;;;;;;;
ABS(2*RFLO+TXLO+ RXIF1);6710180000;6710180000;6710220000;IM_in_LO_dueto_TXLO;;;;;;;;;;;;;;;;;;;;;
ABS(2*RFLO+TXLO-RXIF1);5928380000;6008380000;6058420000;IM_in_LO_dueto_TXLO;;;;;;;;;;;;;;;;;;;;;
ABS(2*TXLO-RFLO+ RXIF1);2512460000;2552460000;2577540000;IM_in_LO_dueto_TXLO;;;;;;;;;;;;;;;;;;;;;
ABS(2*TXLO-RFLO- RXIF1);1730660000;1850660000;1925740000;IM_in_LO_dueto_TXLO;;;;;;;;;;;;;;;;;;;;;
ABS(2*TXLO+RFLO+ RXIF1);6719260000;6759260000;6784340000;IM_in_LO_dueto_TXLO;;;;;;;;;;;;;;;;;;;;;
ABS(2*TXLO+RFLO- RXIF1);5937460000;6057460000;6132540000;IM_in_LO_dueto_TXLO;;;;;;;;;;;;;;;;;;;;;
ABS(2*RFLO-(Rx_Freq+duplex)+ RXIF1);2485200000;2405200000;2355200000;IM_in_LO_dueto_TX1;;;;;;;;;;;;;;;;;;;;;
ABS(2*RFLO-(Rx_Freq+duplex)- RXIF1);1703400000;1703400000;1703400000;IM_in_LO_dueto_TX1;;;;;;;;;;;;;;;;;;;;;
ABS(2*RFLO+(Rx_Freq+duplex)+ RXIF1);6710200000;6710200000;6710200000;IM_in_LO_dueto_TX1;;;;;;;;;;;;;;;;;;;;;
ABS(2*RFLO+(Rx_Freq+duplex)- RXIF1);5928400000;6008400000;6058400000;IM_in_LO_dueto_TX1;;;;;;;;;;;;;;;;;;;;;
ABS(2*(Rx_Freq+duplex)-RFLO+ RXIF1);2512500000;2552500000;2577500000;IM_in_LO_dueto_TX1;;;;;;;;;;;;;;;;;;;;;
ABS(2*(Rx_Freq+duplex)-RFLO- RXIF1);1730700000;1850700000;1925700000;IM_in_LO_dueto_TX1;;;;;;;;;;;;;;;;;;;;;
ABS(2*(Rx_Freq+duplex)+RFLO+ RXIF1);6719300000;6759300000;6784300000;IM_in_LO_dueto_TX1;;;;;;;;;;;;;;;;;;;;;
ABS(2*(Rx_Freq+duplex)+RFLO- RXIF1);5937500000;6057500000;6132500000;IM_in_LO_dueto_TX1;;;;;;;;;;;;;;;;;;;;;
ABS(2*RFLO-TORLO+ RXIF1);2304740000;2224740000;2174700000;IM_in_LO_dueto_TORLO;;;;;;;;;;;;;;;;;;;;;
ABS(2*RFLO-TORLO- RXIF1);1522940000;1522940000;1522900000;IM_in_LO_dueto_TORLO;;;;;;;;;;;;;;;;;;;;;
ABS(2*RFLO+TORLO+ RXIF1);6890660000;6890660000;6890700000;IM_in_LO_dueto_TORLO;;;;;;;;;;;;;;;;;;;;;
ABS(2*RFLO+TORLO- RXIF1);6108860000;6188860000;6238900000;IM_in_LO_dueto_TORLO;;;;;;;;;;;;;;;;;;;;;
ABS(2*TORLO-RFLO+ RXIF1);2873420000;2913420000;2938500000;IM_in_LO_dueto_TORLO;;;;;;;;;;;;;;;;;;;;;
ABS(2*TORLO-RFLO- RXIF1);2091620000;2211620000;2286700000;IM_in_LO_dueto_TORLO;;;;;;;;;;;;;;;;;;;;;
ABS(2*TORLO+RFLO+ RXIF1);7080220000;7120220000;7145300000;IM_in_LO_dueto_TORLO;;;;;;;;;;;;;;;;;;;;;
ABS(2*TORLO+RFLO- RXIF1);6298420000;6418420000;6493500000;IM_in_LO_dueto_TORLO;;;;;;;;;;;;;;;;;;;;;
ABS(2*RFLO-RX_Freq);2494300000;2454300000;2429300000;RFLO_to_RF;IM with leakage to signal-path;;;;;;;;;;;;;;;;;;;;
0.5*(RFLO+RX_Freq);1907950000;1927950000;1940450000;RFLO_to_RF;;;;;;;;;;;;;;;;;;;;;
ABS(2*(Rx_Freq+duplex)-RX_Freq);2512500000;2552500000;2577500000;TX_to_RF;;;;;;;;;;;;;;;;;;;;;
0.5*((RX_Freq+duplex)+RX_Freq);1912500000;1952500000;1977500000;TX_to_RF;;;;;;;;;;;;;;;;;;;;;
ABS(2*TXLO-RX_Freq);2512460000;2552460000;2577540000;TXLO_to_RF;;;;;;;;;;;;;;;;;;;;;
0.5*(TXLO+RX_Freq);1912490000;1952490000;1977510000;TXLO_to_RF;;;;;;;;;;;;;;;;;;;;;
ABS(2*TORLO-RX_Freq);2873420000;2913420000;2938500000;TORLO_to_RF;;;;;;;;;;;;;;;;;;;;;
0.5*(TORLO+RX_Freq);2002730000;2042730000;2067750000;TORLO_to_RF;;;;;;;;;;;;;;;;;;;;;
ABS(CLK_CPRI_2457_6+RXIF1);2848500000;2808500000;2783500000;1*CLK_CPRI_2457.6_on_LO/DC;CLK_CPRI_2457.6;;;;;;;;;;;;;;;;;;;;
ABS(CLK_CPRI_2457_6-RXIF1);2066700000;2106700000;2131700000;1*CLK_CPRI_2457.6_on_LO/DC;;;;;;;;;;;;;;;;;;;;;
ABS(RX_Freq-CLK_CPRI_2457_6);745100000;705100000;680100000;1*CLK_CPRI_2457.6_on_LO/DC;;;;;;;;;;;;;;;;;;;;;
ABS(RX_Freq+CLK_CPRI_2457_6);4170100000;4210100000;4235100000;1*CLK_CPRI_2457.6_on_LO/DC;;;;;;;;;;;;;;;;;;;;;
ABS(RX_Freq-CLK_CPRI_2457_6*2);3202700000;3162700000;3137700000;2*CLK_CPRI_2457.6_on_LO/DC;;;;;;;;;;;;;;;;;;;;;
ABS(RX_Freq+CLK_CPRI_2457_6*2);6627700000;6667700000;6692700000;2*CLK_CPRI_2457.6_on_LO/DC;;;;;;;;;;;;;;;;;;;;;
ABS(RX_Freq-CLK_CPRI_2457_6*3);5660300000;5620300000;5595300000;3*CLK_CPRI_2457.6_on_LO/DC;;;;;;;;;;;;;;;;;;;;;
ABS(RX_Freq+CLK_CPRI_2457_6*3);9085300000;9125300000;9150300000;3*CLK_CPRI_2457.6_on_LO/DC;;;;;;;;;;;;;;;;;;;;;
ABS(CLK_CPRI_1228_8+RXIF1);1619700000;1579700000;1554700000;1*CLK_CPRI_1228.8_on_LO/DC;CLK_CPRI_1228.8;;;;;;;;;;;;;;;;;;;;
ABS(CLK_CPRI_1228_8-RXIF1);837900000;877900000;902900000;1*CLK_CPRI_1228.8_on_LO/DC;;;;;;;;;;;;;;;;;;;;;
ABS(RX_Freq-CLK_CPRI_1228_8);483700000;523700000;548700000;1*CLK_CPRI_1228.8_on_LO/DC;;;;;;;;;;;;;;;;;;;;;
ABS(RX_Freq+CLK_CPRI_1228_8);2941300000;2981300000;3006300000;1*CLK_CPRI_1228.8_on_LO/DC;;;;;;;;;;;;;;;;;;;;;
ABS(RX_Freq-CLK_CPRI_1228_8*2);745100000;705100000;680100000;2*CLK_CPRI_1228.8_on_LO/DC;;;;;;;;;;;;;;;;;;;;;
ABS(RX_Freq+CLK_CPRI_1228_8*2);4170100000;4210100000;4235100000;2*CLK_CPRI_1228.8_on_LO/DC;;;;;;;;;;;;;;;;;;;;;
ABS(RX_Freq-CLK_CPRI_1228_8*3);1973900000;1933900000;1908900000;3*CLK_CPRI_1228.8_on_LO/DC;;;;;;;;;;;;;;;;;;;;;
ABS(RX_Freq+CLK_CPRI_1228_8*3);5398900000;5438900000;5463900000;3*CLK_CPRI_1228.8_on_LO/DC;;;;;;;;;;;;;;;;;;;;;
ABS(RX_Freq-CLK_TMA_modem_9_7);1702800000;1742800000;1767800000;CLK_TMA_modem_9.7_on_LO/DC;CLK_TMA_modem_9.7;;;;;;;;;;;;;;;;;;;;
ABS(RX_Freq+CLK_TMA_modem_9_7);1722200000;1762200000;1787200000;CLK_TMA_modem_9.7 on_LO/DC;;;;;;;;;;;;;;;;;;;;;
ABS(RX_Freq-CLK_TMA_modem_11_1);1701400000;1741400000;1766400000;CLK_TMA modem_11.1_on_LO/DC;CLK_TMA modem_11.1;;;;;;;;;;;;;;;;;;;;
ABS(RX_Freq+CLK_TMA_modem_11_1);1723600000;1763600000;1788600000;CLK_TMA modem_11.1_on_LO/DC;;;;;;;;;;;;;;;;;;;;;
ABS(RX_Freq-CLK_Ethernet_25);1687500000;1727500000;1752500000;CLK_Ethernet_25_on_LO/DC;CLK_Ethernet_25;;;;;;;;;;;;;;;;;;;;
ABS(RX_Freq+CLK_Ethernet_25);1737500000;1777500000;1802500000;CLK_Ethernet_25_on_LO/DC;;;;;;;;;;;;;;;;;;;;;
ABS(RX_Freq-CLK_Ethernet_100);1612500000;1652500000;1677500000;CLK_Ethernet_100_on_LO/DC;CLK_Ethernet_100;;;;;;;;;;;;;;;;;;;;
ABS(RX_Freq+CLK_Ethernet_100);1812500000;1852500000;1877500000;CLK_Ethernet_100_on_LO/DC;;;;;;;;;;;;;;;;;;;;;
ABS(RX_Freq-CLK_Intern_AUM_24_3);1688200000;1728200000;1753200000;CLK_Intern AUM_24.3_on_LO/DC;CLK_Intern AUM_24.3;;;;;;;;;;;;;;;;;;;;
ABS(RX_Freq+CLK_Intern_AUM_24_3);1736800000;1776800000;1801800000;CLK_Intern AUM_24.3_on_LO/DC;;;;;;;;;;;;;;;;;;;;;
Rx_Freq+duplex*1/2;1912500000;1952500000;1977500000;IM3 with TX (interferer between RX/TX);;;;;;;;;;;;;;;;;;;;;
Rx_Freq+duplex*2/3;1979166667;2019166667;2044166667;IM5 with TX (interferer between RX/TX);;;;;;;;;;;;;;;;;;;;;
Rx_Freq+duplex*3/4;2012500000;2052500000;2077500000;IM7 with TX (interferer between RX/TX);;;;;;;;;;;;;;;;;;;;;
Rx_Freq+duplex*2;2512500000;2552500000;2577500000;IM3 with TX (interferer above TX);;;;;;;;;;;;;;;;;;;;;
Rx_Freq+duplex*3/2;2312500000;2352500000;2377500000;IM5 with TX (interferer above TX);;;;;;;;;;;;;;;;;;;;;
Rx_Freq+duplex*4/3;2245833333;2285833333;2310833333;IM7 with TX (interferer above TX);;;;;;;;;;;;;;;;;;;;;
ABS(RX_Freq+2*RXIF2*(RXLOinjection == "HighSide"? -1: 1));1646940000;1606940000;1581940000;IF1 image at RF;Low Side IF1 Image at RF;;;;;;;;;;;;;;;;;;;;
ABS(RX_Freq-(2*RXIF1+2*RXIF2)*(RXLOinjection == "HighSide"? -1: 1));2559860000;2599860000;2624860000;IF1 image at RF;High Side IF1 Image at RF;;;;;;;;;;;;;;;;;;;;
ABS(RX_Freq-2*RXIF1*(RXLOinjection == "HighSide"? -1: 1));2494300000;2454300000;2429300000;RF image;RF image;;;;;;;;;;;;;;;;;;;;
ABS(1/1*(2*RFLO+RXIF1));4597700000;4557700000;4532700000;1x2;Signals mixing with RFLO-multiple;;;;;;;;;;;;;;;;;;;;
ABS(1/1*(2*RFLO-RXIF1));3815900000;3855900000;3880900000;1x2;;;;;;;;;;;;;;;;;;;;;
ABS(1/1*(3*RFLO+RXIF1));6701100000;6661100000;6636100000;1x3;;;;;;;;;;;;;;;;;;;;;
ABS(1/1*(3*RFLO-RXIF1));5919300000;5959300000;5984300000;1x3;;;;;;;;;;;;;;;;;;;;;
ABS(1/1*(4*RFLO+RXIF1));8804500000;8764500000;8739500000;1x4;;;;;;;;;;;;;;;;;;;;;
ABS(1/1*(4*RFLO-RXIF1));8022700000;8062700000;8087700000;1x4;;;;;;;;;;;;;;;;;;;;;
ABS(1/1*(5*RFLO+RXIF1));10907900000;10867900000;10842900000;1x5;;;;;;;;;;;;;;;;;;;;;
ABS(1/1*(5*RFLO-RXIF1));10126100000;10166100000;10191100000;1x5;;;;;;;;;;;;;;;;;;;;;
ABS(1/1*(6*RFLO+RXIF1));13011300000;12971300000;12946300000;1x6;;;;;;;;;;;;;;;;;;;;;
ABS(1/1*(6*RFLO-RXIF1));12229500000;12269500000;12294500000;1x6;;;;;;;;;;;;;;;;;;;;;
ABS(1/1*(7*RFLO+RXIF1));15114700000;15074700000;15049700000;1x7;;;;;;;;;;;;;;;;;;;;;
ABS(1/1*(7*RFLO-RXIF1));14332900000;14372900000;14397900000;1x7;;;;;;;;;;;;;;;;;;;;;
ABS(1/2*(1*RFLO+RXIF1));1247150000;1227150000;1214650000;2x1;mult. by m and mix. with n*RFLO;;;;;;;;;;;;;;;;;;;;
ABS(1/2*(1*RFLO-RXIF1));856250000;876250000;888750000;2x1;;;;;;;;;;;;;;;;;;;;;
ABS(1/2*(2*RFLO+RXIF1));2298850000;2278850000;2266350000;2x2;;;;;;;;;;;;;;;;;;;;;
ABS(1/2*(2*RFLO-RXIF1));1907950000;1927950000;1940450000;2x2;;;;;;;;;;;;;;;;;;;;;
ABS(1/2*(3*RFLO+RXIF1));3350550000;3330550000;3318050000;2x3;;;;;;;;;;;;;;;;;;;;;
ABS(1/2*(3*RFLO-RXIF1));2959650000;2979650000;2992150000;2x3;;;;;;;;;;;;;;;;;;;;;
ABS(1/2*(4*RFLO+RXIF1));4402250000;4382250000;4369750000;2x4;;;;;;;;;;;;;;;;;;;;;
ABS(1/2*(4*RFLO-RXIF1));4011350000;4031350000;4043850000;2x4;;;;;;;;;;;;;;;;;;;;;
ABS(1/2*(5*RFLO+RXIF1));5453950000;5433950000;5421450000;2x5;;;;;;;;;;;;;;;;;;;;;
ABS(1/2*(5*RFLO-RXIF1));5063050000;5083050000;5095550000;2x5;;;;;;;;;;;;;;;;;;;;;
ABS(1/2*(6*RFLO+RXIF1));6505650000;6485650000;6473150000;2x6;;;;;;;;;;;;;;;;;;;;;
ABS(1/2*(6*RFLO-RXIF1));6114750000;6134750000;6147250000;2x6;;;;;;;;;;;;;;;;;;;;;
ABS(1/2*(7*RFLO+RXIF1));7557350000;7537350000;7524850000;2x7;;;;;;;;;;;;;;;;;;;;;
ABS(1/2*(7*RFLO-RXIF1));7166450000;7186450000;7198950000;2x7;;;;;;;;;;;;;;;;;;;;;
ABS(1/3*(1*RFLO+RXIF1));831433333;818100000;809766667;3x1;;;;;;;;;;;;;;;;;;;;;
ABS(1/3*(1*RFLO-RXIF1));570833333;584166667;592500000;3x1;;;;;;;;;;;;;;;;;;;;;
ABS(1/3*(2*RFLO+RXIF1));1532566667;1519233333;1510900000;3x2;;;;;;;;;;;;;;;;;;;;;
ABS(1/3*(2*RFLO-RXIF1));1271966667;1285300000;1293633333;3x2;;;;;;;;;;;;;;;;;;;;;
ABS(1/3*(3*RFLO+RXIF1));2233700000;2220366667;2212033333;3x3;;;;;;;;;;;;;;;;;;;;;
ABS(1/3*(3*RFLO-RXIF1));1973100000;1986433333;1994766667;3x3;;;;;;;;;;;;;;;;;;;;;
ABS(1/3*(4*RFLO+RXIF1));2934833333;2921500000;2913166667;3x4;;;;;;;;;;;;;;;;;;;;;
ABS(1/3*(4*RFLO-RXIF1));2674233333;2687566667;2695900000;3x4;;;;;;;;;;;;;;;;;;;;;
ABS(1/3*(5*RFLO+RXIF1));3635966667;3622633333;3614300000;3x5;;;;;;;;;;;;;;;;;;;;;
ABS(1/3*(5*RFLO-RXIF1));3375366667;3388700000;3397033333;3x5;;;;;;;;;;;;;;;;;;;;;
ABS(1/3*(6*RFLO+RXIF1));4337100000;4323766667;4315433333;3x6;;;;;;;;;;;;;;;;;;;;;
ABS(1/3*(6*RFLO-RXIF1));4076500000;4089833333;4098166667;3x6;;;;;;;;;;;;;;;;;;;;;
ABS(1/3*(7*RFLO+RXIF1));5038233333;5024900000;5016566667;3x7;;;;;;;;;;;;;;;;;;;;;
ABS(1/3*(7*RFLO-RXIF1));4777633333;4790966667;4799300000;3x7;;;;;;;;;;;;;;;;;;;;;
ABS(1/4*(1*RFLO+RXIF1));623575000;613575000;607325000;4x1;;;;;;;;;;;;;;;;;;;;;
ABS(1/4*(1*RFLO-RXIF1));428125000;438125000;444375000;4x1;;;;;;;;;;;;;;;;;;;;;
ABS(1/4*(2*RFLO+RXIF1));1149425000;1139425000;1133175000;4x2;;;;;;;;;;;;;;;;;;;;;
ABS(1/4*(2*RFLO-RXIF1));953975000;963975000;970225000;4x2;;;;;;;;;;;;;;;;;;;;;
ABS(1/4*(3*RFLO+RXIF1));1675275000;1665275000;1659025000;4x3;;;;;;;;;;;;;;;;;;;;;
ABS(1/4*(3*RFLO-RXIF1));1479825000;1489825000;1496075000;4x3;;;;;;;;;;;;;;;;;;;;;
ABS(1/4*(4*RFLO+RXIF1));2201125000;2191125000;2184875000;4x4;;;;;;;;;;;;;;;;;;;;;
ABS(1/4*(4*RFLO-RXIF1));2005675000;2015675000;2021925000;4x4;;;;;;;;;;;;;;;;;;;;;
ABS(1/4*(5*RFLO+RXIF1));2726975000;2716975000;2710725000;4x5;;;;;;;;;;;;;;;;;;;;;
ABS(1/4*(5*RFLO-RXIF1));2531525000;2541525000;2547775000;4x5;;;;;;;;;;;;;;;;;;;;;
ABS(1/4*(6*RFLO+RXIF1));3252825000;3242825000;3236575000;4x6;;;;;;;;;;;;;;;;;;;;;
ABS(1/4*(6*RFLO-RXIF1));3057375000;3067375000;3073625000;4x6;;;;;;;;;;;;;;;;;;;;;
ABS(1/4*(7*RFLO+RXIF1));3778675000;3768675000;3762425000;4x7;;;;;;;;;;;;;;;;;;;;;
ABS(1/4*(7*RFLO-RXIF1));3583225000;3593225000;3599475000;4x7;;;;;;;;;;;;;;;;;;;;;
ABS(1/5*(1*RFLO+RXIF1));498860000;490860000;485860000;5x1;;;;;;;;;;;;;;;;;;;;;
ABS(1/5*(1*RFLO-RXIF1));342500000;350500000;355500000;5x1;;;;;;;;;;;;;;;;;;;;;
ABS(1/5*(2*RFLO+RXIF1));919540000;911540000;906540000;5x2;;;;;;;;;;;;;;;;;;;;;
ABS(1/5*(2*RFLO-RXIF1));763180000;771180000;776180000;5x2;;;;;;;;;;;;;;;;;;;;;
ABS(1/5*(3*RFLO+RXIF1));1340220000;1332220000;1327220000;5x3;;;;;;;;;;;;;;;;;;;;;
ABS(1/5*(3*RFLO-RXIF1));1183860000;1191860000;1196860000;5x3;;;;;;;;;;;;;;;;;;;;;
ABS(1/5*(4*RFLO+RXIF1));1760900000;1752900000;1747900000;5x4;;;;;;;;;;;;;;;;;;;;;
ABS(1/5*(4*RFLO-RXIF1));1604540000;1612540000;1617540000;5x4;;;;;;;;;;;;;;;;;;;;;
ABS(1/5*(5*RFLO+RXIF1));2181580000;2173580000;2168580000;5x5;;;;;;;;;;;;;;;;;;;;;
ABS(1/5*(5*RFLO-RXIF1));2025220000;2033220000;2038220000;5x5;;;;;;;;;;;;;;;;;;;;;
ABS(1/5*(6*RFLO+RXIF1));2602260000;2594260000;2589260000;5x6;;;;;;;;;;;;;;;;;;;;;
ABS(1/5*(6*RFLO-RXIF1));2445900000;2453900000;2458900000;5x6;;;;;;;;;;;;;;;;;;;;;
ABS(1/5*(7*RFLO+RXIF1));3022940000;3014940000;3009940000;5x7;;;;;;;;;;;;;;;;;;;;;
ABS(1/5*(7*RFLO-RXIF1));2866580000;2874580000;2879580000;5x7;;;;;;;;;;;;;;;;;;;;;
ABS(1/6*(1*RFLO+RXIF1));415716667;409050000;404883333;6x1;;;;;;;;;;;;;;;;;;;;;
ABS(1/6*(1*RFLO-RXIF1));285416667;292083333;296250000;6x1;;;;;;;;;;;;;;;;;;;;;
ABS(1/6*(2*RFLO+RXIF1));766283333;759616667;755450000;6x2;;;;;;;;;;;;;;;;;;;;;
ABS(1/6*(2*RFLO-RXIF1));635983333;642650000;646816667;6x2;;;;;;;;;;;;;;;;;;;;;
ABS(1/6*(3*RFLO+RXIF1));1116850000;1110183333;1106016667;6x3;;;;;;;;;;;;;;;;;;;;;
ABS(1/6*(3*RFLO-RXIF1));986550000;993216667;997383333;6x3;;;;;;;;;;;;;;;;;;;;;
ABS(1/6*(4*RFLO+RXIF1));1467416667;1460750000;1456583333;6x4;;;;;;;;;;;;;;;;;;;;;
ABS(1/6*(4*RFLO-RXIF1));1337116667;1343783333;1347950000;6x4;;;;;;;;;;;;;;;;;;;;;
ABS(1/6*(5*RFLO+RXIF1));1817983333;1811316667;1807150000;6x5;;;;;;;;;;;;;;;;;;;;;
ABS(1/6*(5*RFLO-RXIF1));1687683333;1694350000;1698516667;6x5;;;;;;;;;;;;;;;;;;;;;
ABS(1/6*(6*RFLO+RXIF1));2168550000;2161883333;2157716667;6x6;;;;;;;;;;;;;;;;;;;;;
ABS(1/6*(6*RFLO-RXIF1));2038250000;2044916667;2049083333;6x6;;;;;;;;;;;;;;;;;;;;;
ABS(1/6*(7*RFLO+RXIF1));2519116667;2512450000;2508283333;6x7;;;;;;;;;;;;;;;;;;;;;
ABS(1/6*(7*RFLO-RXIF1));2388816667;2395483333;2399650000;6x7;;;;;;;;;;;;;;;;;;;;;
ABS(1/7*(1*RFLO+RXIF1));356328571;350614286;347042857;7x1;;;;;;;;;;;;;;;;;;;;;
ABS(1/7*(1*RFLO-RXIF1));244642857;250357143;253928571;7x1;;;;;;;;;;;;;;;;;;;;;
ABS(1/7*(2*RFLO+RXIF1));656814286;651100000;647528571;7x2;;;;;;;;;;;;;;;;;;;;;
ABS(1/7*(2*RFLO-RXIF1));545128571;550842857;554414286;7x2;;;;;;;;;;;;;;;;;;;;;
ABS(1/7*(3*RFLO+RXIF1));957300000;951585714;948014286;7x3;;;;;;;;;;;;;;;;;;;;;
ABS(1/7*(3*RFLO-RXIF1));845614286;851328571;854900000;7x3;;;;;;;;;;;;;;;;;;;;;
ABS(1/7*(4*RFLO+RXIF1));1257785714;1252071429;1248500000;7x4;;;;;;;;;;;;;;;;;;;;;
ABS(1/7*(4*RFLO-RXIF1));1146100000;1151814286;1155385714;7x4;;;;;;;;;;;;;;;;;;;;;
ABS(1/7*(5*RFLO+RXIF1));1558271429;1552557143;1548985714;7x5;;;;;;;;;;;;;;;;;;;;;
ABS(1/7*(5*RFLO-RXIF1));1446585714;1452300000;1455871429;7x5;;;;;;;;;;;;;;;;;;;;;
ABS(1/7*(6*RFLO+RXIF1));1858757143;1853042857;1849471429;7x6;;;;;;;;;;;;;;;;;;;;;
ABS(1/7*(6*RFLO-RXIF1));1747071429;1752785714;1756357143;7x6;;;;;;;;;;;;;;;;;;;;;
ABS(1/7*(7*RFLO+RXIF1));2159242857;2153528571;2149957143;7x7;;;;;;;;;;;;;;;;;;;;;
ABS(1/7*(7*RFLO-RXIF1));2047557143;2053271429;2056842857;7x7;;;;;;;;;;;;;;;;;;;;;
RXIF1;390900000;350900000;325900000;RF to IF1 (leakage);Direct Leakage;;;;;;;;;;;;;;;;;;;;
RXIF1+2*RXIF2;456460000;496460000;521460000;RF to IF1image (leakage);;;;;;;;;;;;;;;;;;;;;
RXIF2;32780000;72780000;97780000;RF to ADC leakage(Nyq Zone#1);;;;;;;;;;;;;;;;;;;;;
ABS(FSRXADC-RXIF2);212980000;172980000;147980000;RF to ADC leakage(Nyq Zone#2);;;;;;;;;;;;;;;;;;;;;
ABS(FSRXADC+RXIF2);278540000;318540000;343540000;RF to ADC leakage(Nyq Zone#3);;;;;;;;;;;;;;;;;;;;;
ABS(2*FSRXADC-RXIF2);458740000;418740000;393740000;RF to ADC leakage(Nyq Zone#4);;;;;;;;;;;;;;;;;;;;;
RFLO-((RXIF1+RXIF2)+(FSRXADC-RXIF2));1466740000;1506740000;1531740000;RF to Nyq Zone#2;Worst TRX filtering;;;;;;;;;;;;;;;;;;;;
RFLO-((RXIF1+RXIF2)-(FSRXADC-RXIF2));1892700000;1852700000;1827700000;RF to Nyq Zone#2;;;;;;;;;;;;;;;;;;;;;
RFLO+((RXIF1+RXIF2)-(FSRXADC-RXIF2));2314100000;2354100000;2379100000;RF to Nyq Zone#2;;;;;;;;;;;;;;;;;;;;;
RFLO+((RXIF1+RXIF2)+(FSRXADC-RXIF2));2740060000;2700060000;2675060000;RF to Nyq Zone#2;;;;;;;;;;;;;;;;;;;;;
RFLO-((3*FSRXADC+RXIF2)-(RXIF1+RXIF2));1757020000;1717020000;1692020000;RF to IF1sum to Nyq Zone#7;;;;;;;;;;;;;;;;;;;;;
RFLO+((3*FSRXADC+RXIF2)-(RXIF1+RXIF2));2449780000;2489780000;2514780000;RF to IF1sum to Nyq Zone#7;;;;;;;;;;;;;;;;;;;;;
RFLO-ABS(1/1*(2*RXIFLO+RXIF2));1223260000;1183260000;1158260000;RF to IF_1x2;mult. by m and mix. with n*IFLO at RF;;;;;;;;;;;;;;;;;;;;
RFLO-ABS(1/1*(2*RXIFLO-RXIF2));1288820000;1328820000;1353820000;RF to IF_1x2;;;;;;;;;;;;;;;;;;;;;
RFLO-ABS(1/1*(3*RXIFLO+RXIF2));799580000;759580000;734580000;RF to IF_1x3;;;;;;;;;;;;;;;;;;;;;
RFLO-ABS(1/1*(3*RXIFLO-RXIF2));865140000;905140000;930140000;RF to IF_1x3;;;;;;;;;;;;;;;;;;;;;
RFLO+ABS(1/1*(2*RXIFLO+RXIF2));2983540000;3023540000;3048540000;RF to IF_1x2;;;;;;;;;;;;;;;;;;;;;
RFLO+ABS(1/1*(2*RXIFLO-RXIF2));2917980000;2877980000;2852980000;RF to IF_1x2;;;;;;;;;;;;;;;;;;;;;
RFLO+ABS(1/1*(3*RXIFLO+RXIF2));3407220000;3447220000;3472220000;RF to IF_1x3;;;;;;;;;;;;;;;;;;;;;
RFLO+ABS(1/1*(3*RXIFLO-RXIF2));3341660000;3301660000;3276660000;RF to IF_1x3;;;;;;;;;;;;;;;;;;;;;
RFLO-ABS(1/2*(1*RXIFLO+RXIF2));1875170000;1855170000;1842670000;RF to IF_2x1;;;;;;;;;;;;;;;;;;;;;
RFLO-ABS(1/2*(1*RXIFLO-RXIF2));1907950000;1927950000;1940450000;RF to IF_2x1;;;;;;;;;;;;;;;;;;;;;
RFLO-ABS(1/2*(2*RXIFLO+RXIF2));1663330000;1643330000;1630830000;RF to IF_2x2;;;;;;;;;;;;;;;;;;;;;
RFLO-ABS(1/2*(2*RXIFLO-RXIF2));1696110000;1716110000;1728610000;RF to IF_2x2;;;;;;;;;;;;;;;;;;;;;
RFLO-ABS(1/2*(3*RXIFLO+RXIF2));1451490000;1431490000;1418990000;RF to IF_2x3;;;;;;;;;;;;;;;;;;;;;
RFLO-ABS(1/2*(3*RXIFLO-RXIF2));1484270000;1504270000;1516770000;RF to IF_2x3;;;;;;;;;;;;;;;;;;;;;
RFLO+ABS(1/2*(1*RXIFLO+RXIF2));2331630000;2351630000;2364130000;RF to IF_2x1;;;;;;;;;;;;;;;;;;;;;
RFLO+ABS(1/2*(1*RXIFLO-RXIF2));2298850000;2278850000;2266350000;RF to IF_2x1;;;;;;;;;;;;;;;;;;;;;
RFLO+ABS(1/2*(2*RXIFLO+RXIF2));2543470000;2563470000;2575970000;RF to IF_2x2;;;;;;;;;;;;;;;;;;;;;
RFLO+ABS(1/2*(2*RXIFLO-RXIF2));2510690000;2490690000;2478190000;RF to IF_2x2;;;;;;;;;;;;;;;;;;;;;
RFLO+ABS(1/2*(3*RXIFLO+RXIF2));2755310000;2775310000;2787810000;RF to IF_2x3;;;;;;;;;;;;;;;;;;;;;
RFLO+ABS(1/2*(3*RXIFLO-RXIF2));2722530000;2702530000;2690030000;RF to IF_2x3;;;;;;;;;;;;;;;;;;;;;
RFLO-ABS(1/3*(1*RXIFLO+RXIF2));1951246667;1937913333;1929580000;RF to IF_3x1;;;;;;;;;;;;;;;;;;;;;
RFLO-ABS(1/3*(1*RXIFLO-RXIF2));1973100000;1986433333;1994766667;RF to IF_3x1;;;;;;;;;;;;;;;;;;;;;
RFLO-ABS(1/3*(2*RXIFLO+RXIF2));1810020000;1796686667;1788353333;RF to IF_3x2;;;;;;;;;;;;;;;;;;;;;
RFLO-ABS(1/3*(2*RXIFLO-RXIF2));1831873333;1845206667;1853540000;RF to IF_3x2;;;;;;;;;;;;;;;;;;;;;
RFLO-ABS(1/3*(3*RXIFLO+RXIF2));1668793333;1655460000;1647126667;RF to IF_3x3;;;;;;;;;;;;;;;;;;;;;
RFLO-ABS(1/3*(3*RXIFLO-RXIF2));1690646667;1703980000;1712313333;RF to IF_3x3;;;;;;;;;;;;;;;;;;;;;
RFLO+ABS(1/3*(1*RXIFLO+RXIF2));2255553333;2268886667;2277220000;RF to IF_3x1;;;;;;;;;;;;;;;;;;;;;
RFLO+ABS(1/3*(1*RXIFLO-RXIF2));2233700000;2220366667;2212033333;RF to IF_3x1;;;;;;;;;;;;;;;;;;;;;
RFLO+ABS(1/3*(2*RXIFLO+RXIF2));2396780000;2410113333;2418446667;RF to IF_3x2;;;;;;;;;;;;;;;;;;;;;
RFLO+ABS(1/3*(2*RXIFLO-RXIF2));2374926667;2361593333;2353260000;RF to IF_3x2;;;;;;;;;;;;;;;;;;;;;
RFLO+ABS(1/3*(3*RXIFLO+RXIF2));2538006667;2551340000;2559673333;RF to IF_3x3;;;;;;;;;;;;;;;;;;;;;
RFLO+ABS(1/3*(3*RXIFLO-RXIF2));2516153333;2502820000;2494486667;RF to IF_3x3;;;;;;;;;;;;;;;;;;;;;
;;;;;;;;;;;;;;;;;;;;;;;;;
;;;;;;;;;;;;;;;;;;;;;;;;;
;;;;;;;;;;;;;;;;;;;;;;;;;
;;;;;;;;;;;;;;;;;;;;;;;;;
[AdditionalInband];# only p0 and s0;# p0, s0 and p;# only p0 and s0;;;;;;;;;;;;;;;;;;;;;;
InterfererType;InterfererPowerMinFormula(dBm);SelectivityFormula(dB);InterfererPowerMaxFormula(dBm);Comments ;;;;;;;;;;;;;;;;;;;;;
*;p0;s0+11+p0-p;p0+10;6.3.4.4 Requirements;;;;;;;;;;;;;;;;;;;;;
*;p0-2;s0+p0-p;p0;6.3.4.4 Requirements;;;;;;;;;;;;;;;;;;;;;
*;p0-20;s0+2;p0-2;6.3.4.4 Requirements;;;;;;;;;;;;;;;;;;;;;
*;p0+10;s0;0;if level above p0+10 take s0;;;;;;;;;;;;;;;;;;;;;
;;;;;;;;;;;;;;;;;;;;;;;;;
[AdditionalInbandTDSCDMA];# only p0 and s0;# p0, s0 and p;# only p0 and s0;;;;;;;;;;;;;;;;;;;;;;
InterfererType;InterfererPowerMinFormula(dBm);SelectivityFormula(dB);InterfererPowerMaxFormula(dBm);Comments ;;;;;;;;;;;;;;;;;;;;;
*;p0;s0+11+p0-p;p0+10;6.3.4.4 Requirements;;;;;;;;;;;;;;;;;;;;;
*;p0-3;s0+p0-p;p0;6.3.4.4 Requirements;;;;;;;;;;;;;;;;;;;;;
*;p0-7;s0-2.8+p0-p;p0-3;6.3.4.4 Requirements;;;;;;;;;;;;;;;;;;;;;
*;p0-20;s0-2.8+7;p0-7;6.3.4.4 Requirements;;;;;;;;;;;;;;;;;;;;;
*;p0+10;s0;0;if level above p0+10 take s0;;;;;;;;;;;;;;;;;;;;;
;;;;;;;;;;;;;;;;;;;;;;;;;
;;;;;;;;;;;;;;;;;;;;;;;;;
[SelectivityTable_BGI_Low];;;;;;;;;;;;;;;;;;;;;;;;;
OperatingBand ;CarrierStandard;GainSetting(dB);CarrierBandwidth(MHz);p0(dBm);s0(dB);Comment;RequirementTag;;;;;;;;;;;;;;;;;;
66A;EUTRA;17;5|10|15|20;-42;-56.7;Table 148 B66A in-band blocking requirements;;;;;;;;;;;;;;;;;;;
66A;UTRA;17;5;-42;-57.4;Table 148 B66A in-band blocking requirements;;;;;;;;;;;;;;;;;;;
66A;EUTRA;6;5|10|15|20;-29.5;-56.7;Table 148 B66A in-band blocking requirements;;;;;;;;;;;;;;;;;;;
66A;UTRA;6;5;-29.5;-57.4;Table 148 B66A in-band blocking requirements;;;;;;;;;;;;;;;;;;;
;;;;;;;;;;;;;;;;;;;;;;;;;
[SelectivityTable_BGI_High];;;;;;;;;;;;;;;;;;;;;;;;;
OperatingBand ;CarrierStandard;GainSetting(dB);CarrierBandwidth(MHz);p0(dBm);s0(dB);Comment;RequirementTag;;;;;;;;;;;;;;;;;;
66A;EUTRA;17;5|10|15|20;-35;-63.7;Table 148 B66A in-band blocking requirements;;;;;;;;;;;;;;;;;;;
66A;UTRA;17;5;-35;-64.4;Table 148 B66A in-band blocking requirements;;;;;;;;;;;;;;;;;;;
66A;EUTRA;6;5|10|15|20;-22.5;-63.7;Table 148 B66A in-band blocking requirements;;;;;;;;;;;;;;;;;;;
66A;UTRA;6;5;-22.5;-64.4;Table 148 B66A in-band blocking requirements;;;;;;;;;;;;;;;;;;;
;;;;;;;;;;;;;;;;;;;;;;;;;
;;;;;;;;;;;;;;;;;;;;;;;;;
[LW_PF52_RfToData_BGI];;;;;;;;;;;;;;;;;;;;;;;;;
GainSetting(dB);CarrierLocation;CarrierStandard;CarrierBandwidth(MHz);Case;StartFrequency(MHz);StopFrequency(MHz);StepSize(MHz);Steps;MinOffset(MHz);MaxOffset(MHz);GeneralSelectivityTableRef;AdditionalSelectivityTableRef;InterfererLevel(dBm);InterfererModulation;InterfererBandwidth(MHz);Info;AdjustCase;AgcStepping;TestSpuriousResponse;IntStepping;IntStepSize(dB);IntStartLevelFormula(dBm);IntStopLevelFormula(dBm);VS;RequirementTag
#General in-band selectivity;;;;;;;;;;;;;;;;;;;;;;;;;
17;*;*;*;1;1690;1800;1;1;BW/2+7.5;BW/2+7.5;SelectivityTable_BGI_High;AdditionalInband;p0;EUTRA;5;NA;NO;NO;NO;NO;-1;-1;-1;30/102 64-CRH 109 0446 Rev F;Table 148 B66A in-band blocking requirements
17;*;*;*;2;1690;1800;1;5;BW/2+2.5;BW/2+2.5;SelectivityTable_BGI_Low;AdditionalInband;p0;EUTRA;5;NA;NO;NO;NO;NO;-1;-1;-1;30/102 64-CRH 109 0446 Rev F;Table 148 B66A in-band blocking requirements
;;;;;;;;;;;;;;;;;;;;;;;;;
6;*;*;*;1;1690;1800;1;1;BW/2+7.5;BW/2+7.5;SelectivityTable_BGI_High;AdditionalInband;p0;EUTRA;5;NA;NO;NO;NO;NO;-1;-1;-1;30/102 64-CRH 109 0446 Rev F;Table 148 B66A in-band blocking requirements
6;*;*;*;2;1690;1800;1;5;BW/2+2.5;BW/2+2.5;SelectivityTable_BGI_Low;AdditionalInband;p0;EUTRA;5;NA;NO;NO;NO;NO;-1;-1;-1;30/102 64-CRH 109 0446 Rev F;Table 148 B66A in-band blocking requirements
;;;;;;;;;;;;;;;;;;;;;;;;;
#Additional General in-band selectivity;;;;;;;;;;;;;;;;;;;;;;;;;
17;*;*;*;1;1690;1800;1;1;BW/2+7.5;BW/2+7.5;SelectivityTable_BGI_High;AdditionalInband;-30;EUTRA;5;NA;NO;YES;NO;NO;-1;-1;-1;30/102 64-CRH 109 0446 Rev F;Table 165 B66A Additional blocking requirements
17;*;*;*;2;1690;1800;1;5;BW/2+2.5;BW/2+2.5;SelectivityTable_BGI_Low;AdditionalInband;-32;EUTRA;5;NA;NO;YES;NO;NO;-1;-1;-1;30/102 64-CRH 109 0446 Rev F;Table 165 B66A Additional blocking requirements
;;;;;;;;;;;;;;;;;;;;;;;;;
6;*;*;*;1;1690;1800;1;1;BW/2+7.5;BW/2+7.5;SelectivityTable_BGI_High;AdditionalInband;-17.5;EUTRA;5;NA;NO;YES;NO;NO;-1;-1;-1;30/102 64-CRH 109 0446 Rev F;Table 165 B66A Additional blocking requirements
6;*;*;*;2;1690;1800;1;5;BW/2+2.5;BW/2+2.5;SelectivityTable_BGI_Low;AdditionalInband;-19.5;EUTRA;5;NA;NO;YES;NO;NO;-1;-1;-1;30/102 64-CRH 109 0446 Rev F;Table 165 B66A Additional blocking requirements
#SixSigma cases General in-band selectivity;;;;;;;;;;;;;;;;;;;;;;;;;
17;*;EUTRA;5;SixSigma1;1690;1800;1;1;5;5;SelectivityTable_BGI_Low;AdditionalInband;-32;EUTRA;5;NA;NO;YES;NO;NO;1;-42;-32;3/0363-KRC161583/1 Rev A;RHWR8669
17;*;EUTRA;5;SixSigma2;1690;1800;2.5;1;10;10;SelectivityTable_BGI_High;AdditionalInband;-35;EUTRA;5;NA;NO;NO;NO;NO;-1;-1;-1;3/0363-KRC161583/1 Rev A;RHWR8669
17;T;EUTRA;5;SixSigma3;1690;1800;1;1;48.7;48.7;SelectivityTable_BGI_High;AdditionalInband;-35;EUTRA;5;NA;NO;NO;NO;NO;-1;-1;-1;3/0363-KRC161583/1 Rev A;RHWR8669
17;*;EUTRA;20;SixSigma5;1690;1800;1;1;12.5;12.5;SelectivityTable_BGI_Low;AdditionalInband;-42;EUTRA;5;NA;NO;NO;NO;NO;-1;-1;-1;3/0363-KRC161583/1 Rev A;RHWR8669
17;*;EUTRA;20;SixSigma6;1690;1800;1;1;10.24;10.24;SelectivityTable_BGI_Low;AdditionalInband;-40;EUTRA;5;NA;NO;NO;NO;NO;-1;-1;-1;3/0363-KRC161583/1 Rev A;RHWR8670
17;*;UTRA;5;SixSigma7;1690;1800;1;1;5;5;SelectivityTable_BGI_Low;AdditionalInband;-42;EUTRA;5;NA;NO;NO;NO;NO;-1;-1;-1;3/0363-KRC161583/1 Rev A;RHWR8669
6;*;EUTRA;5;SixSigma9;1690;1800;1;1;5;5;SelectivityTable_BGI_Low;AdditionalInband;-19.5;EUTRA;5;NA;NO;YES;NO;NO;1;-29.5;-19.5;3/0363-KRC161583/1 Rev A;RHWR8671
;;;;;;;;;;;;;;;;;;;;;;;;;
;;;;;;;;;;;;;;;;;;;;;;;;;
;;;;;;;;;;;;;;;;;;;;;;;;;
;;;;;;;;;;;;;;;;;;;;;;;;;
[SelectivityTable_BGN];;;;;;;;;;;;;;;;;;;;;;;;;
OperatingBand ;CarrierStandard;GainSetting(dB);CarrierBandwidth(MHz);p0(dBm);s0(dB);Comment;RequirementTag;;;;;;;;;;;;;;;;;;
66A;EUTRA;17;5|10|15|20;-40;-58.7;Table 157 Selectivity for Narrowband blocking Interferers B66A;RHWVI7910 PF1;;;;;;;;;;;;;;;;;;
66A;UTRA;17;5;-40;-59.4;Table 157 Selectivity for Narrowband blocking Interferers B66A;RHWVI7910 PF1;;;;;;;;;;;;;;;;;;
;;;;;;;;;;;;;;;;;;;;;;;;;
66A;EUTRA;6;5|10|15|20;-27.5;-58.7;Table 157 Selectivity for Narrowband blocking Interferers B66A;RHWVI7910 PF1;;;;;;;;;;;;;;;;;;
66A;UTRA;6;5;-27.5;-59.4;Table 157 Selectivity for Narrowband blocking Interferers B66A;RHWVI7910 PF1;;;;;;;;;;;;;;;;;;
;;;;;;;;;;;;;;;;;;;;;;;;;
;;;;;;;;;;;;;;;;;;;;;;;;;
;;;;;;;;;;;;;;;;;;;;;;;;;
[WL_PF52_RfToData_BGN];;;;;;;;;;;;;;;;;;;;;;;;;
GainSetting(dB);CarrierLocation;CarrierStandard;CarrierBandwidth(MHz);Case;StartFrequency(MHz);StopFrequency(MHz);Offset;Index;GeneralSelectivityTableRef;AdditionalSelectivityTableRef;InterfererLevel(dBm);InterfererModulation;InterfererBandwidth(MHz);Info;AdjustCase;AgcStepping;TestSpuriousResponse;IntStepping;IntStepSize(dB);IntStartLevelFormula(dBm);IntStopLevelFormula(dBm);VS;RequirementTag;Comment;
#General Narrowband in-band selectivity;;;;;;;;;;;;;;;;;;;;;;;;;
17;*;*;*;1;1690;1800;BW/2+0.24+i*0.18;0,1,2,3,4,9,14,19,24;SelectivityTable_BGN;AdditionalInband;p0;1RB_QPSK;1.4;NA;NO;NO;NO;NO;-1;-1;-1;30/102 64-CRH 109 0446 Uen F;Table 157 B66A Selectivity for narrowband blocking interferers;No-Tma;
6;*;*;*;1;1690;1800;BW/2+0.24+i*0.18;0,1,2,3,4,9,14,19,24;SelectivityTable_BGN;AdditionalInband;p0;1RB_QPSK;1.4;NA;NO;NO;NO;NO;-1;-1;-1;30/102 64-CRH 109 0446 Uen F;Table 157 B66A Selectivity for narrowband blocking interferers;Tma;
#Additional Narrowband General in-band selectivity;;;;;;;;;;;;;;;;;;;;;;;;;
17;*;*;*;1;1690;1800;BW/2+0.24+i*0.18;0,1,2,3,4,9,14,19,24;SelectivityTable_BGN;AdditionalInband;-30;1RB_QPSK;1.4;NA;NO;YES;NO;NO;-1;-1;-1;30/102 64-CRH 109 0446 Uen F;Table 165 Additional blocking LTE B4, B9, B10, B20, B25, B28, B66A;No-Tma;
6;*;*;*;1;1690;1800;BW/2+0.24+i*0.18;0,1,2,3,4,9,14,19,24;SelectivityTable_BGN;AdditionalInband;-17.5;1RB_QPSK;1.4;NA;NO;YES;NO;NO;-1;-1;-1;30/102 64-CRH 109 0446 Uen F;Table 165 Additional blocking LTE B4, B9, B10, B20, B25, B28, B66A;Tma;
#SixSigma cases General Narrowband in-band;;;;;;;;;;;;;;;;;;;;;;;;;
17;*;EUTRA;5;SixSigma4;1690;1800;2.74;0;SelectivityTable_BGI_Low;AdditionalInband;-40;1RB_QPSK;1.4;NA;NO;NO;NO;NO;10;-40;-30;3/0363-KRC161583/1 Rev A;RHWR8670;;
17;*;UTRA;5;SixSigma8;1690;1800;2.74;0;SelectivityTable_BGI_Low;AdditionalInband;-40;1RB_QPSK;1.4;NA;NO;NO;NO;NO;-1;-1;-1;3/0363-KRC161583/1 Rev A;RHWR8670;;
6;*;EUTRA;5;SixSigma10;1690;1800;2.74;0;SelectivityTable_BGI_Low;AdditionalInband;-27.5;1RB_QPSK;1.4;NA;NO;NO;NO;NO;10;-27.5;-17.5;3/0363-KRC161583/1 Rev A;RHWR8671;;
